timestamp,bpm,temperature,humidity,noise,ldr,in_motion,emotion
10:27:04,88,27.6,58.8,33,369,0,plain
10:27:20,110,32.4,68.4,74,161,1,stressed
10:27:36,88,26.5,58.0,39,398,0,plain
10:27:52,91,27.2,66.4,41,381,0,plain
10:28:08,87,28.4,60.4,44,453,0,plain
10:28:24,90,26.8,60.3,41,480,0,plain
10:28:40,83,27.9,55.7,42,450,0,plain
10:28:56,74,26.3,54.4,40,540,0,happy
10:29:12,82,28.6,59.1,36,401,0,plain
10:29:28,101,30.7,62.2,70,218,1,stressed
10:29:44,83,28.0,58.8,31,395,0,plain
10:30:00,86,27.2,58.6,41,408,0,plain
10:30:16,74,26.7,58.0,54,455,0,happy
10:30:32,90,29.0,59.9,32,363,0,plain
10:30:48,81,26.8,57.7,49,593,0,happy
10:31:04,117,31.3,65.5,64,140,1,stressed
10:31:20,81,26.5,55.1,45,528,0,happy
10:31:36,115,30.4,60.9,68,202,1,stressed
10:31:52,75,27.1,61.5,55,523,0,happy
10:32:08,82,28.4,58.5,36,413,0,plain
10:32:24,83,26.5,50.8,43,469,0,happy
10:32:40,73,27.0,51.6,47,512,0,happy
10:32:56,121,30.0,62.2,58,154,1,stressed
10:33:12,120,31.3,59.8,66,189,1,stressed
10:33:28,77,26.5,57.7,47,491,0,happy
10:33:44,106,31.9,66.9,75,196,1,stressed
10:34:00,84,28.2,67.8,36,379,0,plain
10:34:16,77,27.2,60.0,51,426,0,happy
10:34:32,86,27.5,59.2,37,411,0,plain
10:34:48,121,30.7,65.8,76,181,1,stressed
10:35:04,99,31.5,66.0,72,202,1,stressed
10:35:20,96,28.0,58.8,42,428,0,plain
10:35:36,76,26.2,58.6,51,573,0,happy
10:35:52,64,26.2,58.0,44,573,0,happy
10:36:08,87,27.0,59.7,38,418,0,plain
10:36:24,83,27.7,63.6,35,331,0,plain
10:36:40,79,26.2,57.9,51,474,0,happy
10:36:56,92,28.3,62.0,39,359,0,plain
10:37:12,70,26.6,56.6,42,483,0,happy
10:37:28,96,31.2,66.6,71,211,1,stressed
10:37:44,76,26.7,52.9,44,529,0,happy
10:38:00,84,27.5,59.1,33,376,0,plain
10:38:16,83,28.2,61.0,42,356,0,plain
10:38:32,66,26.3,53.9,50,487,0,happy
10:38:48,90,27.5,59.5,45,376,0,plain
10:39:04,98,30.8,63.8,69,250,1,stressed
10:39:20,71,26.9,54.3,48,483,0,happy
10:39:36,80,26.3,50.0,41,492,0,happy
10:39:52,114,30.4,64.1,80,231,1,stressed
10:40:08,86,26.2,53.6,43,446,0,happy
10:40:24,85,28.2,61.8,39,351,0,plain
10:40:40,64,27.0,50.0,52,413,0,happy
10:40:56,94,29.7,61.5,88,171,1,stressed
10:41:12,83,28.8,61.1,42,472,0,plain
10:41:28,79,26.4,57.5,45,504,0,happy
10:41:44,95,27.6,60.5,40,378,0,plain
10:42:00,128,30.6,67.3,63,171,1,stressed
10:42:16,78,28.1,60.1,36,345,0,plain
10:42:32,83,27.9,59.4,37,347,0,plain
10:42:48,103,31.2,66.3,71,209,0,stressed
10:43:04,122,31.7,69.2,80,215,1,stressed
10:43:20,103,29.2,64.3,69,218,1,stressed
10:43:36,112,31.5,61.2,67,283,1,stressed
10:43:52,84,27.9,58.7,40,374,0,plain
10:44:08,73,26.6,52.8,42,472,0,happy
10:44:24,91,28.0,62.5,37,482,0,plain
10:44:40,107,29.2,61.8,65,154,1,stressed
10:44:56,80,28.3,55.3,39,413,0,plain
10:45:12,76,27.3,58.5,37,389,0,plain
10:45:28,80,28.1,58.6,35,395,0,plain
10:45:44,76,27.9,59.1,43,442,0,plain
10:46:00,88,27.0,59.2,40,365,0,plain
10:46:16,108,31.3,62.2,55,217,1,stressed
10:46:32,71,27.1,54.6,44,508,0,happy
10:46:48,97,32.3,63.6,74,178,1,stressed
10:47:04,121,30.7,66.9,68,125,1,stressed
10:47:20,110,30.5,62.5,59,242,1,stressed
10:47:36,72,26.4,55.8,43,452,0,happy
10:47:52,79,26.8,50.0,38,422,0,happy
10:48:08,95,27.8,59.4,40,450,0,plain
10:48:24,94,28.3,60.2,37,433,0,plain
10:48:40,77,26.9,54.6,41,460,0,happy
10:48:56,82,28.0,62.3,39,363,0,plain
10:49:12,70,26.9,53.0,43,449,0,happy
10:49:28,134,31.0,68.2,64,169,1,stressed
10:49:44,137,30.3,66.8,76,257,1,stressed
10:50:00,72,26.6,63.6,43,489,0,happy
10:50:16,77,28.8,61.4,36,406,0,plain
10:50:32,80,28.3,58.6,39,410,0,plain
10:50:48,64,26.5,54.1,49,546,0,happy
10:51:04,117,32.2,65.5,80,216,1,stressed
10:51:20,123,29.4,64.3,75,197,1,stressed
10:51:36,71,26.4,57.7,47,502,0,happy
10:51:52,69,26.9,54.1,44,455,0,happy
10:52:08,114,28.3,67.8,76,189,1,stressed
10:52:24,83,28.5,57.7,36,408,0,plain
10:52:40,100,31.3,67.4,77,208,1,stressed
10:52:56,89,27.8,60.9,36,393,0,plain
10:53:12,118,28.8,67.3,59,162,1,stressed
10:53:28,117,32.5,62.2,59,235,1,stressed
10:53:44,106,30.1,63.4,68,246,1,stressed
10:54:00,70,26.9,61.2,44,458,0,happy
10:54:16,90,26.5,57.4,37,340,0,plain
10:54:32,98,30.1,64.0,68,115,1,stressed
10:54:48,73,26.4,53.1,44,509,0,happy
10:55:04,86,27.4,57.3,44,406,0,plain
10:55:20,76,27.3,52.4,48,444,0,happy
10:55:36,101,31.3,63.6,60,185,1,stressed
10:55:52,86,28.3,58.0,41,395,0,plain
10:56:08,66,25.8,59.7,41,615,0,happy
10:56:24,117,31.4,64.4,73,200,1,stressed
10:56:40,79,28.3,59.8,36,374,0,plain
10:56:56,109,32.4,68.8,62,221,1,stressed
10:57:12,70,25.6,57.4,47,538,0,happy
10:57:28,72,26.8,53.0,45,576,0,happy
10:57:44,69,25.9,54.3,40,433,0,happy
10:58:00,103,30.0,62.4,69,184,1,stressed
10:58:16,100,31.0,66.8,71,115,1,stressed
10:58:32,87,28.0,67.4,41,326,0,plain
10:58:48,110,31.5,62.7,69,153,1,stressed
10:59:04,108,30.9,65.5,76,194,1,stressed
10:59:20,85,27.5,50.0,39,520,0,happy
10:59:36,78,26.7,56.0,51,614,0,happy
10:59:52,81,26.8,60.3,42,439,0,happy
11:00:08,88,27.6,57.3,36,423,0,plain
11:00:24,93,28.3,57.6,36,349,0,plain
11:00:40,89,28.1,54.4,36,425,0,plain
11:00:56,82,27.9,61.5,39,428,0,plain
11:01:12,75,25.9,53.4,47,421,0,happy
11:01:28,90,28.1,59.5,37,332,0,plain
11:01:44,125,30.2,68.4,66,191,1,stressed
11:02:00,101,30.9,65.0,81,128,0,stressed
11:02:16,97,32.0,66.3,80,201,1,stressed
11:02:32,68,27.7,54.8,41,544,0,happy
11:02:48,97,31.6,59.8,71,127,1,stressed
11:03:04,75,26.0,53.3,49,539,0,happy
11:03:20,107,30.9,62.5,78,217,1,stressed
11:03:36,87,27.5,55.4,44,421,0,plain
11:03:52,71,26.8,51.5,43,448,0,happy
11:04:08,69,26.8,54.2,44,562,0,happy
11:04:24,86,27.8,53.9,41,364,0,plain
11:04:40,121,30.3,63.7,70,298,1,stressed
11:04:56,121,30.0,67.5,62,201,1,stressed
11:05:12,77,26.5,55.8,32,459,0,happy
11:05:28,98,31.2,65.1,62,158,0,stressed
11:05:44,82,28.0,52.6,42,391,0,plain
11:06:00,66,26.5,54.3,39,594,0,happy
11:06:16,91,28.6,54.0,36,439,0,plain
11:06:32,112,29.8,59.1,72,270,1,stressed
11:06:48,89,27.7,60.4,36,419,0,plain
11:07:04,89,28.6,55.3,34,450,0,plain
11:07:20,102,29.2,65.9,73,355,1,stressed
11:07:36,79,26.3,52.7,47,434,0,happy
11:07:52,64,26.0,51.7,52,542,0,happy
11:08:08,78,26.0,52.0,37,521,0,happy
11:08:24,89,27.5,60.9,38,409,0,plain
11:08:40,110,29.6,61.5,66,131,1,stressed
11:08:56,123,29.9,67.0,82,252,1,stressed
11:09:12,85,27.5,59.8,40,399,0,plain
11:09:28,114,30.6,68.7,72,285,1,stressed
11:09:44,76,26.5,56.0,38,500,0,happy
11:10:00,71,26.6,54.2,44,603,0,happy
11:10:16,103,31.6,67.4,68,240,1,stressed
11:10:32,79,28.9,57.8,41,428,0,plain
11:10:48,98,31.3,62.5,75,191,1,stressed
11:11:04,90,27.2,61.6,35,399,0,plain
11:11:20,77,27.3,57.4,36,435,0,plain
11:11:36,86,27.3,58.9,41,395,0,plain
11:11:52,97,30.7,56.4,72,198,1,stressed
11:12:08,73,26.9,59.6,52,554,0,happy
11:12:24,76,26.7,57.3,50,524,0,happy
11:12:40,98,27.9,61.0,40,410,0,plain
11:12:56,80,26.9,57.9,38,318,0,plain
11:13:12,128,30.6,62.0,65,177,1,stressed
11:13:28,94,28.0,61.6,40,385,0,plain
11:13:44,73,26.7,50.8,38,437,0,happy
11:14:00,99,30.4,61.2,74,275,1,stressed
11:14:16,116,31.6,69.7,80,212,1,stressed
11:14:32,99,31.7,60.6,84,235,1,stressed
11:14:48,91,28.5,61.5,38,458,0,plain
11:15:04,85,28.0,59.8,37,468,0,plain
11:15:20,89,28.4,59.1,38,456,0,plain
11:15:36,118,31.1,68.7,78,243,1,stressed
11:15:52,111,31.6,63.4,60,196,1,stressed
11:16:08,72,27.6,50.0,44,595,0,happy
11:16:24,83,27.4,64.3,39,360,0,plain
11:16:40,85,28.2,60.0,38,318,0,plain
11:16:56,117,31.0,61.6,58,197,1,stressed
11:17:12,103,32.0,69.1,75,153,1,stressed
11:17:28,116,31.0,62.3,62,213,1,stressed
11:17:44,82,28.4,60.8,38,470,0,plain
11:18:00,75,26.7,54.1,49,462,0,happy
11:18:16,116,32.2,70.0,64,184,1,stressed
11:18:32,78,25.8,54.3,49,444,0,happy
11:18:48,75,26.8,54.8,51,488,0,happy
11:19:04,87,28.1,58.1,40,357,0,plain
11:19:20,77,27.7,62.5,41,399,0,plain
11:19:36,101,31.0,61.8,60,231,1,stressed
11:19:52,82,27.0,54.1,36,492,0,happy
11:20:08,110,31.6,64.6,54,233,1,stressed
11:20:24,90,29.1,66.0,37,401,0,plain
11:20:40,86,28.5,57.8,38,400,0,plain
11:20:56,111,31.7,66.4,68,269,0,stressed
11:21:12,72,26.1,50.7,45,490,0,happy
11:21:28,86,28.3,58.4,35,442,0,plain
11:21:44,92,27.3,65.7,37,479,0,plain
11:22:00,126,30.0,65.3,62,155,1,stressed
11:22:16,88,26.1,58.1,46,426,0,happy
11:22:32,85,28.1,56.6,42,479,0,plain
11:22:48,88,29.0,61.5,38,450,0,plain
11:23:04,77,27.7,59.6,38,405,0,plain
11:23:20,72,27.2,55.9,49,488,0,happy
11:23:36,111,31.6,68.6,73,233,1,stressed
11:23:52,81,27.7,53.0,41,397,0,plain
11:24:08,87,28.2,58.4,34,430,0,plain
11:24:24,90,31.7,65.6,80,162,1,stressed
11:24:40,85,27.6,62.9,31,396,0,plain
11:24:56,90,28.3,61.3,36,312,0,plain
11:25:12,74,27.3,55.4,44,505,0,happy
11:25:28,81,25.9,52.4,38,467,0,happy
11:25:44,72,27.9,57.2,37,410,0,plain
11:26:00,106,31.4,67.9,60,150,1,stressed
11:26:16,67,26.3,51.7,47,497,0,happy
11:26:32,113,30.8,66.4,77,145,1,stressed
11:26:48,114,31.1,64.2,76,114,1,stressed
11:27:04,76,26.3,52.7,50,380,0,happy
11:27:20,106,32.6,62.2,74,226,1,stressed
11:27:36,77,26.9,51.4,42,489,0,happy
11:27:52,89,30.3,69.9,72,161,1,stressed
11:28:08,98,31.2,68.2,60,174,1,stressed
11:28:24,80,27.6,60.5,38,425,0,plain
11:28:40,74,26.2,51.6,53,477,0,happy
11:28:56,112,31.6,70.0,72,299,1,stressed
11:29:12,72,26.7,52.5,48,482,0,happy
11:29:28,79,27.7,65.6,38,393,0,plain
11:29:44,116,30.7,65.8,73,194,1,stressed
11:30:00,106,32.8,63.1,72,241,0,stressed
11:30:16,66,26.8,53.9,51,617,0,happy
11:30:32,94,30.3,63.0,61,289,1,stressed
11:30:48,72,26.5,54.2,47,450,0,happy
11:31:04,109,32.2,63.2,61,168,0,stressed
11:31:20,88,28.7,55.2,39,393,0,plain
11:31:36,85,27.4,58.7,32,341,0,plain
11:31:52,84,28.4,59.3,38,470,0,plain
11:32:08,79,26.7,57.0,48,484,0,happy
11:32:24,75,27.2,55.7,48,560,0,happy
11:32:40,87,27.4,61.7,39,554,0,plain
11:32:56,84,27.6,61.3,32,387,0,plain
11:33:12,111,31.7,64.2,76,249,0,stressed
11:33:28,116,29.7,67.0,68,254,1,stressed
11:33:44,72,26.4,52.5,42,474,0,happy
11:34:00,73,26.0,58.2,43,524,0,happy
11:34:16,108,31.2,62.6,74,160,0,stressed
11:34:32,85,27.0,63.5,36,390,0,plain
11:34:48,85,28.8,61.7,40,339,0,plain
11:35:04,81,30.5,64.0,68,153,1,stressed
11:35:20,75,26.4,54.7,41,476,0,happy
11:35:36,79,27.8,58.9,37,359,0,plain
11:35:52,72,26.3,53.2,52,475,0,happy
11:36:08,75,25.7,57.5,51,481,0,happy
11:36:24,97,27.1,55.3,36,377,0,plain
11:36:40,118,32.0,58.5,72,174,0,stressed
11:36:56,70,28.1,57.0,50,491,0,happy
11:37:12,86,28.5,63.0,31,374,0,plain
11:37:28,76,27.8,61.1,37,417,0,plain
11:37:44,88,27.2,59.5,39,378,0,plain
11:38:00,112,30.6,62.7,71,247,1,stressed
11:38:16,74,26.9,57.5,43,486,0,happy
11:38:32,130,31.4,70.0,66,219,1,stressed
11:38:48,126,31.3,64.5,63,309,1,stressed
11:39:04,86,28.1,59.2,36,401,0,plain
11:39:20,75,26.4,59.1,44,421,0,happy
11:39:36,118,30.8,67.1,66,153,1,stressed
11:39:52,74,26.9,56.9,38,534,0,happy
11:40:08,74,26.2,56.2,46,528,0,happy
11:40:24,85,29.1,64.9,37,372,0,plain
11:40:40,75,27.8,58.7,35,383,0,plain
11:40:56,85,27.4,59.5,37,393,0,plain
11:41:12,72,27.1,51.5,51,452,0,happy
11:41:28,82,28.6,59.5,36,353,0,plain
11:41:44,120,31.9,70.0,68,206,1,stressed
11:42:00,70,27.5,53.5,43,442,0,happy
11:42:16,78,27.0,57.4,42,521,0,happy
11:42:32,83,28.2,60.3,31,352,0,plain
11:42:48,92,31.4,65.0,71,211,1,stressed
11:43:04,107,29.5,69.2,79,300,1,stressed
11:43:20,105,29.4,61.4,80,139,0,stressed
11:43:36,119,29.1,61.6,65,230,1,stressed
11:43:52,110,30.7,66.3,79,264,0,stressed
11:44:08,71,26.3,51.6,50,541,0,happy
11:44:24,124,31.7,62.1,60,168,1,stressed
11:44:40,101,30.5,65.3,71,171,1,stressed
11:44:56,77,26.8,52.0,44,447,0,happy
11:45:12,82,28.3,60.8,38,407,0,plain
11:45:28,87,26.9,60.5,46,465,0,happy
11:45:44,80,28.1,54.0,41,346,0,plain
11:46:00,77,28.0,59.8,37,388,0,plain
11:46:16,81,27.4,65.5,40,490,0,plain
11:46:32,80,26.7,55.5,45,454,0,happy
11:46:48,87,27.0,59.6,37,373,0,plain
11:47:04,109,30.1,66.4,78,179,0,stressed
11:47:20,92,28.0,58.6,37,414,0,plain
11:47:36,76,26.2,54.9,46,492,0,happy
11:47:52,119,30.4,62.9,70,157,1,stressed
11:48:08,105,31.5,63.2,69,142,1,stressed
11:48:24,70,26.8,52.6,39,515,0,happy
11:48:40,77,26.6,54.8,53,460,0,happy
11:48:56,103,30.0,66.0,57,111,1,stressed
11:49:12,72,27.5,53.5,46,457,0,happy
11:49:28,80,27.1,52.4,41,513,0,happy
11:49:44,75,25.9,55.5,48,456,0,happy
11:50:00,68,26.5,53.8,41,552,0,happy
11:50:16,121,30.8,63.5,73,165,1,stressed
11:50:32,105,31.9,63.9,66,126,1,stressed
11:50:48,81,28.5,61.1,40,375,0,plain
11:51:04,121,29.8,70.0,70,273,1,stressed
11:51:20,84,27.4,57.8,38,392,0,plain
11:51:36,114,31.6,67.7,69,138,1,stressed
11:51:52,75,26.0,58.3,41,557,0,happy
11:52:08,71,26.6,56.5,48,503,0,happy
11:52:24,92,27.8,61.0,37,457,0,plain
11:52:40,88,27.4,62.0,35,339,0,plain
11:52:56,90,32.5,63.2,78,239,1,stressed
11:53:12,87,27.3,60.5,39,409,0,plain
11:53:28,83,27.7,62.3,41,343,0,plain
11:53:44,86,27.9,64.1,36,417,0,plain
11:54:00,79,26.4,52.9,47,581,0,happy
11:54:16,78,27.0,61.3,36,443,0,happy
11:54:32,113,29.4,63.6,62,121,1,stressed
11:54:48,71,26.5,54.3,46,480,0,happy
11:55:04,64,25.5,52.6,47,521,0,happy
11:55:20,124,31.8,64.6,74,283,1,stressed
11:55:36,71,26.7,55.3,49,527,0,happy
11:55:52,87,28.3,57.4,37,369,0,plain
11:56:08,62,26.5,58.6,42,594,0,happy
11:56:24,72,27.1,53.4,40,446,0,happy
11:56:40,91,27.5,57.4,40,408,0,plain
11:56:56,91,28.6,61.6,41,438,0,plain
11:57:12,96,29.4,64.3,59,262,1,stressed
11:57:28,99,32.9,61.6,77,238,1,stressed
11:57:44,70,26.6,60.1,45,471,0,happy
11:58:00,104,32.2,65.3,71,118,1,stressed
11:58:16,99,30.9,65.1,73,240,1,stressed
11:58:32,66,26.3,55.1,39,526,0,happy
11:58:48,67,26.7,54.6,43,440,0,happy
11:59:04,76,26.0,50.8,43,458,0,happy
11:59:20,71,26.7,55.3,46,485,0,happy
11:59:36,84,27.1,61.9,30,442,0,plain
11:59:52,80,26.9,60.1,45,468,0,happy
12:00:08,85,28.9,61.4,38,423,0,plain
12:00:24,86,27.5,57.8,35,422,0,plain
12:00:40,118,31.8,66.5,70,124,1,stressed
12:00:56,89,30.2,67.6,86,172,0,stressed
12:01:12,94,32.1,63.9,67,194,1,stressed
12:01:28,73,26.5,54.6,48,528,0,happy
12:01:44,80,26.6,54.7,58,445,0,happy
12:02:00,125,32.1,64.4,68,126,1,stressed
12:02:16,79,26.1,59.3,44,525,0,happy
12:02:32,90,28.1,63.0,41,366,0,plain
12:02:48,89,28.0,60.2,40,384,0,plain
12:03:04,84,27.7,56.2,39,454,0,plain
12:03:20,98,32.1,70.0,83,184,1,stressed
12:03:36,75,27.5,56.5,45,395,0,happy
12:03:52,75,26.7,51.0,36,562,0,happy
12:04:08,76,27.7,59.1,42,381,0,plain
12:04:24,85,27.8,58.7,39,439,0,plain
12:04:40,118,30.3,62.5,50,143,0,stressed
12:04:56,70,26.2,55.7,42,542,0,happy
12:05:12,119,29.9,63.5,62,220,0,stressed
12:05:28,119,32.0,62.0,69,241,1,stressed
12:05:44,67,26.8,54.2,46,483,0,happy
12:06:00,86,29.2,60.5,38,430,0,plain
12:06:16,72,26.8,58.9,37,476,0,happy
12:06:32,112,30.2,63.3,66,164,1,stressed
12:06:48,79,26.1,53.9,49,494,0,happy
12:07:04,83,27.0,56.0,33,352,0,plain
12:07:20,111,31.4,60.3,64,252,1,stressed
12:07:36,77,26.4,58.2,46,487,0,happy
12:07:52,122,31.3,66.0,77,191,1,stressed
12:08:08,89,27.4,63.5,40,421,0,plain
12:08:24,79,25.6,51.2,45,434,0,happy
12:08:40,117,31.8,69.7,70,225,1,stressed
12:08:56,116,33.0,65.5,62,235,1,stressed
12:09:12,73,26.8,60.3,41,552,0,happy
12:09:28,66,26.0,59.3,54,512,0,happy
12:09:44,102,31.5,69.5,65,189,1,stressed
12:10:00,74,29.4,58.4,37,316,0,plain
12:10:16,114,31.4,68.2,71,187,1,stressed
12:10:32,127,29.1,66.9,69,213,0,stressed
12:10:48,80,28.0,57.4,34,388,0,plain
12:11:04,117,32.0,63.0,54,126,0,stressed
12:11:20,101,32.2,64.7,68,154,1,stressed
12:11:36,74,26.5,56.0,38,430,0,happy
12:11:52,69,27.2,56.0,43,504,0,happy
12:12:08,118,32.8,62.0,70,262,1,stressed
12:12:24,81,27.1,53.4,43,574,0,happy
12:12:40,76,26.0,51.6,46,522,0,happy
12:12:56,115,31.8,66.3,75,155,0,stressed
12:13:12,70,26.4,56.0,49,445,0,happy
12:13:28,89,27.7,58.9,40,362,0,plain
12:13:44,70,26.4,50.0,44,542,0,happy
12:14:00,95,28.3,59.5,42,368,0,plain
12:14:16,116,30.1,60.9,67,146,1,stressed
12:14:32,93,27.5,56.1,31,318,0,plain
12:14:48,75,26.7,56.6,53,582,0,happy
12:15:04,88,27.4,57.7,40,430,0,plain
12:15:20,90,27.5,62.1,40,378,0,plain
12:15:36,82,29.1,60.0,32,373,0,plain
12:15:52,93,27.4,60.9,35,422,0,plain
12:16:08,119,31.9,63.4,58,265,1,stressed
12:16:24,115,32.0,60.6,62,116,1,stressed
12:16:40,125,30.4,63.2,62,281,1,stressed
12:16:56,86,28.1,63.2,38,408,0,plain
12:17:12,114,31.7,69.3,64,192,1,stressed
12:17:28,87,27.5,60.0,37,425,0,plain
12:17:44,107,30.1,65.4,78,123,1,stressed
12:18:00,78,27.4,54.1,35,395,0,plain
12:18:16,77,27.2,57.2,46,530,0,happy
12:18:32,79,27.1,53.2,49,481,0,happy
12:18:48,90,28.1,59.1,30,368,0,plain
12:19:04,67,27.3,56.0,42,503,0,happy
12:19:20,119,31.0,67.4,73,219,1,stressed
12:19:36,90,28.5,56.8,34,393,0,plain
12:19:52,110,29.7,64.8,62,172,0,stressed
12:20:08,117,29.3,61.2,59,232,1,stressed
12:20:24,83,27.7,58.8,34,441,0,plain
12:20:40,73,26.3,56.7,47,565,0,happy
12:20:56,78,26.8,52.5,37,558,0,happy
12:21:12,92,28.3,58.5,35,446,0,plain
12:21:28,107,31.4,67.7,83,149,1,stressed
12:21:44,107,29.7,67.9,66,186,1,stressed
12:22:00,70,25.6,54.5,40,521,0,happy
12:22:16,77,27.5,66.2,40,335,0,plain
12:22:32,87,26.7,51.1,50,541,0,happy
12:22:48,82,27.6,60.3,37,421,0,plain
12:23:04,68,26.2,56.0,52,471,0,happy
12:23:20,101,31.1,64.1,76,123,0,stressed
12:23:36,74,26.6,50.3,51,441,0,happy
12:23:52,79,27.4,61.7,40,432,0,plain
12:24:08,80,27.8,63.3,40,393,0,plain
12:24:24,78,25.5,52.0,48,459,0,happy
12:24:40,86,26.2,51.8,39,534,0,happy
12:24:56,95,29.4,68.3,70,156,0,stressed
12:25:12,87,28.2,58.3,36,375,0,plain
12:25:28,80,28.0,55.0,35,355,0,plain
12:25:44,74,26.3,57.9,53,549,0,happy
12:26:00,72,26.5,57.8,46,528,0,happy
12:26:16,104,28.5,65.5,72,290,1,stressed
12:26:32,72,26.8,50.0,48,495,0,happy
12:26:48,84,27.6,57.1,36,376,0,plain
12:27:04,119,30.3,65.7,81,179,1,stressed
12:27:20,107,32.8,61.9,68,107,1,stressed
12:27:36,79,26.5,56.4,38,576,0,happy
12:27:52,84,28.7,63.2,39,405,0,plain
12:28:08,80,27.0,50.0,44,498,0,happy
12:28:24,103,30.0,63.2,69,267,1,stressed
12:28:40,69,26.6,57.9,46,458,0,happy
12:28:56,87,28.4,57.8,39,349,0,plain
12:29:12,86,27.7,62.9,43,439,0,plain
12:29:28,89,28.8,65.9,36,467,0,plain
12:29:44,81,26.2,58.3,48,486,0,happy
12:30:00,69,25.8,62.0,48,525,0,happy
12:30:16,110,32.5,64.3,70,217,1,stressed
12:30:32,88,28.3,62.3,34,349,0,plain
12:30:48,96,28.5,56.9,33,364,0,plain
12:31:04,86,28.3,59.8,37,450,0,plain
12:31:20,76,26.3,54.8,54,468,0,happy
12:31:36,82,27.2,57.8,48,505,0,happy
12:31:52,71,26.8,50.0,43,487,0,happy
12:32:08,85,28.5,52.3,41,311,0,plain
12:32:24,82,27.7,63.7,39,359,0,plain
12:32:40,75,26.5,56.1,44,495,0,happy
12:32:56,127,31.3,63.5,63,182,1,stressed
12:33:12,78,26.0,50.0,54,459,0,happy
12:33:28,84,26.7,58.0,48,579,0,happy
12:33:44,115,32.8,65.4,71,187,0,stressed
12:34:00,121,30.9,67.1,76,148,1,stressed
12:34:16,73,26.6,62.0,46,449,0,happy
12:34:32,66,26.6,52.3,49,412,0,happy
12:34:48,91,27.3,58.3,42,385,0,plain
12:35:04,101,31.0,69.6,81,246,1,stressed
12:35:20,86,28.2,55.3,38,436,0,plain
12:35:36,83,26.0,54.4,40,537,0,happy
12:35:52,87,27.7,55.7,40,400,0,plain
12:36:08,75,26.6,56.8,46,583,0,happy
12:36:24,78,26.3,58.3,42,542,0,happy
12:36:40,83,25.9,58.6,45,481,0,happy
12:36:56,118,31.3,64.8,65,248,1,stressed
12:37:12,118,30.3,59.8,66,167,0,stressed
12:37:28,122,32.1,62.0,90,259,1,stressed
12:37:44,72,27.1,50.0,45,465,0,happy
12:38:00,103,31.2,62.8,75,210,1,stressed
12:38:16,105,32.7,62.5,67,186,1,stressed
12:38:32,71,26.0,57.6,48,523,0,happy
12:38:48,69,26.2,57.9,36,511,0,happy
12:39:04,87,28.8,63.5,41,385,0,plain
12:39:20,111,29.0,66.8,61,194,1,stressed
12:39:36,77,27.1,62.5,37,451,0,plain
12:39:52,110,29.5,67.2,59,230,1,stressed
12:40:08,124,32.4,64.3,69,175,1,stressed
12:40:24,118,31.8,63.8,74,153,1,stressed
12:40:40,87,28.3,58.1,43,321,0,plain
12:40:56,99,30.9,65.3,64,180,1,stressed
12:41:12,100,32.2,65.0,71,190,0,stressed
12:41:28,101,30.8,67.1,65,200,1,stressed
12:41:44,86,27.8,60.4,42,455,0,plain
12:42:00,92,27.8,61.6,40,364,0,plain
12:42:16,86,28.5,61.6,40,382,0,plain
12:42:32,118,31.8,60.8,67,240,1,stressed
12:42:48,82,28.0,58.6,33,349,0,plain
12:43:04,119,30.0,66.0,83,209,1,stressed
12:43:20,74,26.9,54.3,53,462,0,happy
12:43:36,77,27.4,53.0,52,475,0,happy
12:43:52,78,26.2,57.4,41,598,0,happy
12:44:08,81,27.3,50.1,42,460,0,happy
12:44:24,102,32.0,68.0,62,121,1,stressed
12:44:40,83,26.3,58.4,43,581,0,happy
12:44:56,73,27.2,54.7,40,491,0,happy
12:45:12,118,29.8,63.5,76,215,1,stressed
12:45:28,103,31.7,61.3,61,159,1,stressed
12:45:44,95,28.0,60.4,36,366,0,plain
12:46:00,109,30.2,64.5,62,167,0,stressed
12:46:16,100,29.5,65.5,78,214,0,stressed
12:46:32,101,29.3,64.7,53,188,1,stressed
12:46:48,81,27.0,58.5,38,387,0,plain
12:47:04,73,25.7,60.3,45,486,0,happy
12:47:20,72,26.1,53.1,51,490,0,happy
12:47:36,85,28.9,64.1,30,383,0,plain
12:47:52,90,27.3,57.7,33,481,0,plain
12:48:08,74,26.2,54.6,41,494,0,happy
12:48:24,72,26.5,50.4,34,529,0,happy
12:48:40,83,28.4,60.1,40,395,0,plain
12:48:56,90,27.9,62.6,39,396,0,plain
12:49:12,81,26.4,53.0,50,482,0,happy
12:49:28,86,28.0,68.0,35,404,0,plain
12:49:44,124,32.0,65.2,71,191,1,stressed
12:50:00,77,26.9,58.0,50,455,0,happy
12:50:16,77,26.6,53.5,46,584,0,happy
12:50:32,99,30.9,66.0,71,168,1,stressed
12:50:48,74,27.6,64.7,37,290,0,plain
12:51:04,70,26.3,50.0,49,527,0,happy
12:51:20,69,27.0,54.6,52,536,0,happy
12:51:36,74,26.7,51.9,36,497,0,happy
12:51:52,77,26.9,53.4,39,566,0,happy
12:52:08,115,30.4,67.1,76,175,0,stressed
12:52:24,112,31.7,60.4,63,201,1,stressed
12:52:40,81,28.3,59.8,41,446,0,plain
12:52:56,79,28.1,56.1,39,392,0,plain
12:53:12,116,30.8,58.2,73,283,1,stressed
12:53:28,114,31.9,64.2,80,158,1,stressed
12:53:44,111,29.4,61.1,65,197,1,stressed
12:54:00,89,28.5,60.4,41,394,0,plain
12:54:16,76,27.3,58.1,51,469,0,happy
12:54:32,90,26.5,57.1,42,522,0,happy
12:54:48,82,28.3,56.4,42,430,0,plain
12:55:04,85,26.7,56.3,51,468,0,happy
12:55:20,111,31.4,63.3,64,138,1,stressed
12:55:36,121,30.0,63.3,60,230,0,stressed
12:55:52,114,31.5,62.6,75,217,0,stressed
12:56:08,115,30.4,61.9,72,147,1,stressed
12:56:24,121,30.7,61.5,61,202,1,stressed
12:56:40,81,26.7,52.9,36,478,0,happy
12:56:56,83,27.7,60.7,37,424,0,plain
12:57:12,79,31.5,61.2,81,139,1,stressed
12:57:28,119,29.4,65.8,76,147,0,stressed
12:57:44,79,27.9,56.1,35,334,0,plain
12:58:00,116,31.5,63.1,72,176,1,stressed
12:58:16,101,31.8,65.0,64,260,0,stressed
12:58:32,90,28.2,58.1,40,366,0,plain
12:58:48,118,29.9,63.7,55,180,1,stressed
12:59:04,87,28.3,59.1,44,470,0,plain
12:59:20,84,28.1,62.2,44,380,0,plain
12:59:36,119,30.1,64.6,65,165,1,stressed
12:59:52,117,30.5,67.3,84,238,0,stressed
13:00:08,103,30.8,67.6,68,233,1,stressed
13:00:24,107,31.5,64.3,80,261,1,stressed
13:00:40,86,28.8,59.4,33,358,0,plain
13:00:56,75,25.9,56.2,42,526,0,happy
13:01:12,80,26.6,58.8,44,569,0,happy
13:01:28,78,26.3,50.0,44,493,0,happy
13:01:44,93,27.3,62.7,41,391,0,plain
13:02:00,83,28.2,57.3,38,380,0,plain
13:02:16,81,26.7,51.5,41,470,0,happy
13:02:32,97,31.1,63.1,73,158,0,stressed
13:02:48,116,29.3,66.3,77,143,1,stressed
13:03:04,110,33.6,70.0,72,210,1,stressed
13:03:20,81,27.7,56.9,40,386,0,plain
13:03:36,121,32.8,69.5,66,184,1,stressed
13:03:52,72,26.5,53.7,40,471,0,happy
13:04:08,121,30.8,67.3,74,248,1,stressed
13:04:24,81,27.7,61.9,44,404,0,plain
13:04:40,87,27.9,61.6,37,452,0,plain
13:04:56,79,28.6,53.0,38,368,0,plain
13:05:12,70,27.3,57.6,49,482,0,happy
13:05:28,86,27.5,60.1,33,411,0,plain
13:05:44,71,27.3,58.8,46,471,0,happy
13:06:00,98,27.7,60.2,38,383,0,plain
13:06:16,108,29.4,67.5,78,132,1,stressed
13:06:32,80,26.1,56.4,48,548,0,happy
13:06:48,82,26.2,50.0,46,502,0,happy
13:07:04,87,27.4,58.8,37,368,0,plain
13:07:20,95,33.9,69.5,57,157,1,stressed
13:07:36,88,28.1,60.2,34,395,0,plain
13:07:52,69,26.6,53.2,51,456,0,happy
13:08:08,115,29.6,69.2,63,82,1,stressed
13:08:24,120,31.5,66.3,64,119,1,stressed
13:08:40,88,27.8,59.6,44,417,0,plain
13:08:56,89,27.6,56.1,36,398,0,plain
13:09:12,78,26.9,57.9,41,555,0,happy
13:09:28,77,26.1,50.2,46,600,0,happy
13:09:44,81,27.2,59.0,36,438,0,plain
13:10:00,78,25.4,59.6,42,559,0,happy
13:10:16,84,30.5,63.3,63,184,0,stressed
13:10:32,92,28.1,62.2,38,447,0,plain
13:10:48,87,28.1,62.3,31,457,0,plain
13:11:04,78,26.5,54.7,40,496,0,happy
13:11:20,82,26.1,54.5,44,540,0,happy
13:11:36,68,27.4,59.4,49,515,0,happy
13:11:52,104,30.9,67.3,85,123,1,stressed
13:12:08,80,28.1,60.6,42,385,0,plain
13:12:24,76,25.8,53.0,42,501,0,happy
13:12:40,108,30.8,64.0,56,133,1,stressed
13:12:56,104,31.0,63.5,55,224,1,stressed
13:13:12,85,27.8,54.7,40,402,0,plain
13:13:28,100,29.2,64.0,72,202,1,stressed
13:13:44,80,27.1,52.8,55,485,0,happy
13:14:00,81,28.3,62.5,40,487,0,plain
13:14:16,88,27.2,52.0,40,555,0,happy
13:14:32,85,26.1,50.0,55,546,0,happy
13:14:48,80,27.1,58.3,53,421,0,happy
13:15:04,115,29.8,64.5,68,205,1,stressed
13:15:20,87,28.8,60.0,40,337,0,plain
13:15:36,105,31.8,68.8,73,187,1,stressed
13:15:52,67,26.2,51.9,49,494,0,happy
13:16:08,106,30.9,65.1,75,195,1,stressed
13:16:24,69,26.8,52.5,44,464,0,happy
13:16:40,79,26.9,51.5,52,467,0,happy
13:16:56,113,31.0,62.0,52,233,1,stressed
13:17:12,116,31.2,65.1,60,144,0,stressed
13:17:28,129,31.5,62.4,66,187,1,stressed
13:17:44,67,26.0,57.0,45,594,0,happy
13:18:00,79,27.2,61.5,40,372,0,plain
13:18:16,82,28.4,63.3,37,323,0,plain
13:18:32,74,27.6,57.0,48,456,0,happy
13:18:48,103,31.2,67.8,73,128,1,stressed
13:19:04,89,27.8,62.6,41,357,0,plain
13:19:20,71,28.0,55.0,44,391,0,plain
13:19:36,90,28.2,56.8,39,396,0,plain
13:19:52,123,30.0,61.7,62,254,1,stressed
13:20:08,89,26.7,59.7,53,504,0,happy
13:20:24,111,32.5,62.3,76,217,0,stressed
13:20:40,72,26.4,52.9,40,548,0,happy
13:20:56,73,27.0,54.3,45,573,0,happy
13:21:12,109,30.3,66.1,66,223,1,stressed
13:21:28,74,27.3,56.2,39,379,0,happy
13:21:44,72,26.7,55.1,49,380,0,happy
13:22:00,65,26.4,52.3,46,451,0,happy
13:22:16,85,27.1,56.7,50,433,0,happy
13:22:32,86,28.2,60.1,33,399,0,plain
13:22:48,97,30.4,68.4,69,160,1,stressed
13:23:04,73,26.2,54.9,47,521,0,happy
13:23:20,85,28.2,60.2,35,404,0,plain
13:23:36,122,32.1,63.7,73,231,1,stressed
13:23:52,87,28.0,62.8,37,433,0,plain
13:24:08,121,31.5,61.4,71,167,1,stressed
13:24:24,75,26.9,53.4,46,525,0,happy
13:24:40,119,31.5,64.0,58,174,1,stressed
13:24:56,111,32.2,65.2,72,179,1,stressed
13:25:12,75,27.2,56.9,35,347,0,plain
13:25:28,89,26.9,59.8,38,374,0,plain
13:25:44,79,28.2,61.6,37,401,0,plain
13:26:00,94,27.9,65.2,35,392,0,plain
13:26:16,79,27.5,58.6,34,409,0,plain
13:26:32,121,31.6,67.1,73,167,0,stressed
13:26:48,70,26.4,63.5,42,503,0,happy
13:27:04,87,27.5,59.0,36,414,0,plain
13:27:20,112,31.5,59.4,75,282,1,stressed
13:27:36,116,31.2,65.8,63,264,1,stressed
13:27:52,99,32.3,62.6,73,209,1,stressed
13:28:08,75,27.4,54.5,48,493,0,happy
13:28:24,67,26.7,53.4,34,445,0,happy
13:28:40,81,28.1,53.7,36,469,0,plain
13:28:56,87,28.4,56.6,34,400,0,plain
13:29:12,119,30.6,61.0,74,185,1,stressed
13:29:28,75,26.1,51.8,41,418,0,happy
13:29:44,128,30.4,66.5,74,164,1,stressed
13:30:00,87,28.5,57.3,39,326,0,plain
13:30:16,90,27.5,57.0,43,384,0,plain
13:30:32,82,27.1,53.0,45,497,0,happy
13:30:48,82,27.7,61.2,45,474,0,plain
13:31:04,98,29.0,64.9,62,203,1,stressed
13:31:20,95,30.6,63.7,61,255,0,stressed
13:31:36,88,26.6,51.6,46,417,0,happy
13:31:52,71,26.3,57.8,40,469,0,happy
13:32:08,76,26.1,51.3,49,568,0,happy
13:32:24,71,26.1,59.7,43,518,0,happy
13:32:40,73,26.1,53.2,57,515,0,happy
13:32:56,100,31.2,59.6,72,171,1,stressed
13:33:12,86,28.5,59.3,41,393,0,plain
13:33:28,85,28.6,57.7,32,349,0,plain
13:33:44,78,27.6,57.1,36,438,0,plain
13:34:00,73,26.4,58.4,46,473,0,happy
13:34:16,80,27.3,57.9,40,435,0,plain
13:34:32,74,26.1,55.6,50,475,0,happy
13:34:48,86,26.2,53.5,42,464,0,happy
13:35:04,78,25.5,55.7,41,529,0,happy
13:35:20,81,26.8,52.8,39,545,0,happy
13:35:36,73,26.0,52.7,50,520,0,happy
13:35:52,74,24.8,50.0,43,572,0,happy
13:36:08,111,29.1,69.1,65,281,1,stressed
13:36:24,68,26.1,56.6,44,494,0,happy
13:36:40,72,26.1,56.5,33,495,0,happy
13:36:56,81,26.4,53.6,46,579,0,happy
13:37:12,84,27.7,63.3,36,327,0,plain
13:37:28,72,27.0,56.2,40,578,0,happy
13:37:44,78,26.3,53.7,57,520,0,happy
13:38:00,79,27.6,60.2,42,380,0,plain
13:38:16,84,27.5,64.9,44,396,0,plain
13:38:32,80,26.9,52.6,47,461,0,happy
13:38:48,119,30.6,67.8,71,154,1,stressed
13:39:04,81,28.2,57.1,35,400,0,plain
13:39:20,86,27.9,59.2,31,395,0,plain
13:39:36,116,30.5,66.0,80,192,0,stressed
13:39:52,100,31.4,65.6,70,173,1,stressed
13:40:08,76,27.0,57.8,49,459,0,happy
13:40:24,80,27.5,57.0,45,513,0,happy
13:40:40,79,27.6,60.2,36,474,0,plain
13:40:56,114,29.0,65.5,72,210,1,stressed
13:41:12,116,30.6,62.5,70,214,1,stressed
13:41:28,117,31.3,62.7,65,160,1,stressed
13:41:44,82,26.5,58.9,40,523,0,happy
13:42:00,107,31.3,68.1,80,162,1,stressed
13:42:16,78,28.1,61.7,35,355,0,plain
13:42:32,115,30.9,60.6,75,160,1,stressed
13:42:48,71,26.1,54.4,38,481,0,happy
13:43:04,91,30.6,61.5,60,333,1,stressed
13:43:20,85,27.4,57.4,35,414,0,plain
13:43:36,78,25.9,55.1,54,480,0,happy
13:43:52,71,26.3,54.3,39,459,0,happy
13:44:08,98,31.6,65.8,83,265,1,stressed
13:44:24,69,26.1,52.6,45,476,0,happy
13:44:40,89,27.7,62.8,38,446,0,plain
13:44:56,88,29.4,59.4,35,304,0,plain
13:45:12,115,31.8,64.3,71,162,0,stressed
13:45:28,79,26.7,55.2,36,415,0,happy
13:45:44,71,26.7,51.2,41,615,0,happy
13:46:00,84,26.9,62.7,38,347,0,plain
13:46:16,71,26.2,53.9,52,494,0,happy
13:46:32,76,27.5,54.2,48,573,0,happy
13:46:48,84,27.7,56.0,36,425,0,plain
13:47:04,84,28.3,60.0,36,345,0,plain
13:47:20,83,28.0,56.7,40,433,0,plain
13:47:36,80,27.3,60.4,40,354,0,plain
13:47:52,84,31.0,60.0,82,256,1,stressed
13:48:08,84,26.8,54.6,48,446,0,happy
13:48:24,69,27.4,57.4,55,449,0,happy
13:48:40,86,28.5,60.2,43,446,0,plain
13:48:56,108,31.4,63.7,75,242,1,stressed
13:49:12,93,27.9,55.7,44,371,0,plain
13:49:28,101,30.5,58.9,67,170,1,stressed
13:49:44,84,28.2,62.2,39,442,0,plain
13:50:00,118,31.2,65.2,68,206,1,stressed
13:50:16,92,27.9,56.9,34,465,0,plain
13:50:32,76,26.2,54.8,46,458,0,happy
13:50:48,72,27.3,57.4,40,495,0,happy
13:51:04,96,30.5,62.9,69,205,1,stressed
13:51:20,82,27.0,52.8,35,577,0,happy
13:51:36,84,26.0,59.6,41,472,0,happy
13:51:52,77,26.5,53.6,42,478,0,happy
13:52:08,103,32.3,66.4,82,255,1,stressed
13:52:24,127,31.6,68.7,87,202,1,stressed
13:52:40,96,33.6,60.3,77,239,1,stressed
13:52:56,101,31.0,65.5,63,309,0,stressed
13:53:12,99,28.4,54.5,38,354,0,plain
13:53:28,92,28.4,57.3,35,393,0,plain
13:53:44,72,27.1,53.5,53,526,0,happy
13:54:00,73,26.5,54.9,48,529,0,happy
13:54:16,78,26.9,57.7,40,432,0,plain
13:54:32,76,27.9,60.7,37,421,0,plain
13:54:48,83,28.0,59.6,38,326,0,plain
13:55:04,114,30.1,68.7,68,171,0,stressed
13:55:20,113,31.2,66.1,67,110,1,stressed
13:55:36,126,31.5,68.8,68,203,0,stressed
13:55:52,106,29.8,64.5,69,76,0,stressed
13:56:08,86,27.9,56.7,38,399,0,plain
13:56:24,79,27.0,56.8,49,439,0,happy
13:56:40,76,27.7,57.4,40,402,0,plain
13:56:56,84,28.1,55.2,46,404,0,plain
13:57:12,73,26.4,55.9,43,486,0,happy
13:57:28,75,25.6,54.3,52,550,0,happy
13:57:44,122,30.9,63.0,61,158,1,stressed
13:58:00,80,26.3,53.0,43,519,0,happy
13:58:16,83,28.0,59.2,34,459,0,plain
13:58:32,94,28.2,61.1,39,383,0,plain
13:58:48,71,26.3,50.8,36,487,0,happy
13:59:04,92,32.5,65.0,66,197,1,stressed
13:59:20,84,27.6,63.7,35,400,0,plain
13:59:36,104,31.4,68.7,62,175,0,stressed
13:59:52,80,25.9,51.1,36,521,0,happy
14:00:08,120,30.4,63.5,71,233,1,stressed
14:00:24,83,30.8,67.9,86,215,1,stressed
14:00:40,81,26.3,54.2,44,480,0,happy
14:00:56,120,29.8,70.0,78,196,1,stressed
14:01:12,90,31.5,69.8,70,139,1,stressed
14:01:28,78,26.0,52.8,50,419,0,happy
14:01:44,116,30.8,66.8,70,261,1,stressed
14:02:00,77,26.1,57.8,45,488,0,happy
14:02:16,70,27.0,56.1,36,485,0,happy
14:02:32,92,28.5,65.7,35,398,0,plain
14:02:48,107,30.8,68.3,60,151,0,stressed
14:03:04,79,28.0,56.2,39,404,0,plain
14:03:20,84,28.3,58.8,37,399,0,plain
14:03:36,116,32.8,64.5,55,270,1,stressed
14:03:52,70,26.5,51.5,42,468,0,happy
14:04:08,76,25.9,52.8,48,461,0,happy
14:04:24,101,31.2,64.6,70,206,0,stressed
14:04:40,70,27.3,54.1,45,465,0,happy
14:04:56,86,26.6,58.9,47,520,0,happy
14:05:12,125,31.8,59.6,79,162,1,stressed
14:05:28,72,26.4,54.5,40,472,0,happy
14:05:44,86,28.1,57.2,35,399,0,plain
14:06:00,78,26.7,54.7,42,552,0,happy
14:06:16,79,26.9,50.0,44,455,0,happy
14:06:32,110,29.3,66.0,71,218,0,stressed
14:06:48,71,27.1,52.3,49,522,0,happy
14:07:04,82,26.6,59.9,37,441,0,plain
14:07:20,92,28.1,55.8,34,418,0,plain
14:07:36,126,30.3,65.1,72,217,1,stressed
14:07:52,101,30.5,63.6,74,134,0,stressed
14:08:08,92,27.6,51.9,40,431,0,plain
14:08:24,74,26.0,55.6,50,518,0,happy
14:08:40,77,26.1,55.9,42,427,0,happy
14:08:56,111,31.6,66.3,77,185,1,stressed
14:09:12,117,29.7,68.2,61,259,1,stressed
14:09:28,95,27.5,61.3,35,320,0,plain
14:09:44,85,27.2,60.1,41,298,0,plain
14:10:00,75,26.6,53.0,40,517,0,happy
14:10:16,109,29.5,65.3,76,194,1,stressed
14:10:32,78,28.7,63.7,37,483,0,plain
14:10:48,91,27.7,59.8,38,405,0,plain
14:11:04,117,29.7,63.8,88,146,1,stressed
14:11:20,72,26.6,51.9,34,525,0,happy
14:11:36,70,26.6,56.3,47,511,0,happy
14:11:52,68,26.4,53.2,49,443,0,happy
14:12:08,87,27.6,63.5,39,461,0,plain
14:12:24,91,27.7,58.7,37,415,0,plain
14:12:40,88,27.7,62.6,34,460,0,plain
14:12:56,103,31.3,65.8,64,180,1,stressed
14:13:12,77,27.5,62.9,36,359,0,plain
14:13:28,108,32.5,63.9,75,237,1,stressed
14:13:44,101,31.5,64.2,71,192,1,stressed
14:14:00,87,28.7,63.3,35,492,0,plain
14:14:16,86,28.2,58.1,38,421,0,plain
14:14:32,91,28.5,58.8,39,420,0,plain
14:14:48,91,27.9,67.9,40,405,0,plain
14:15:04,78,26.7,51.8,38,476,0,happy
14:15:20,115,32.0,59.7,73,270,1,stressed
14:15:36,122,30.8,69.6,75,264,1,stressed
14:15:52,84,27.6,60.1,38,323,0,plain
14:16:08,104,30.5,63.8,77,168,1,stressed
14:16:24,87,27.6,59.8,42,384,0,plain
14:16:40,79,28.1,60.2,38,381,0,plain
14:16:56,77,28.6,61.3,39,321,0,plain
14:17:12,88,31.7,68.3,70,233,0,stressed
14:17:28,83,27.6,58.0,37,454,0,plain
14:17:44,80,26.8,57.2,45,561,0,happy
14:18:00,85,27.7,60.4,35,398,0,plain
14:18:16,102,29.8,65.2,74,278,1,stressed
14:18:32,82,28.2,60.0,38,426,0,plain
14:18:48,76,26.2,59.7,43,478,0,happy
14:19:04,81,26.1,53.8,49,469,0,happy
14:19:20,84,28.2,55.7,34,392,0,plain
14:19:36,112,31.0,66.7,60,172,1,stressed
14:19:52,86,27.7,70.0,32,395,0,plain
14:20:08,76,26.6,56.9,34,512,0,happy
14:20:24,73,26.4,55.7,47,477,0,happy
14:20:40,79,26.4,56.5,51,564,0,happy
14:20:56,99,31.1,63.4,61,201,1,stressed
14:21:12,77,25.9,55.6,43,460,0,happy
14:21:28,124,31.1,57.9,70,282,0,stressed
14:21:44,78,28.3,59.6,37,423,0,plain
14:22:00,84,29.0,60.0,39,337,0,plain
14:22:16,104,30.9,68.9,58,174,1,stressed
14:22:32,81,26.9,62.9,39,366,0,plain
14:22:48,86,29.0,55.3,37,456,0,plain
14:23:04,78,28.5,65.6,33,412,0,plain
14:23:20,73,26.5,55.8,49,500,0,happy
14:23:36,113,30.0,66.3,75,227,1,stressed
14:23:52,89,26.4,60.9,42,501,0,happy
14:24:08,108,30.4,66.6,80,207,1,stressed
14:24:24,98,29.5,67.0,67,212,1,stressed
14:24:40,83,26.5,50.0,51,498,0,happy
14:24:56,88,27.5,61.6,34,356,0,plain
14:25:12,85,28.1,62.1,32,414,0,plain
14:25:28,68,26.9,50.0,47,564,0,happy
14:25:44,107,30.2,64.5,71,171,0,stressed
14:26:00,78,27.2,54.6,33,524,0,happy
14:26:16,67,27.2,51.4,39,458,0,happy
14:26:32,81,26.9,52.9,48,455,0,happy
14:26:48,91,27.8,59.1,38,455,0,plain
14:27:04,94,27.1,62.4,36,380,0,plain
14:27:20,91,27.7,55.6,40,350,0,plain
14:27:36,69,26.4,51.9,36,458,0,happy
14:27:52,90,28.1,52.3,37,384,0,plain
14:28:08,78,28.2,58.0,37,402,0,plain
14:28:24,87,28.6,57.7,40,389,0,plain
14:28:40,89,28.6,59.7,43,391,0,plain
14:28:56,78,26.2,53.3,53,516,0,happy
14:29:12,81,26.8,52.5,41,507,0,happy
14:29:28,90,27.7,58.5,39,387,0,plain
14:29:44,85,28.2,66.6,34,395,0,plain
14:30:00,81,28.6,60.5,37,350,0,plain
14:30:16,93,28.1,56.9,33,380,0,plain
14:30:32,78,28.4,60.1,41,419,0,plain
14:30:48,81,28.3,60.9,43,428,0,plain
14:31:04,86,28.0,58.2,40,434,0,plain
14:31:20,82,28.3,56.2,42,307,0,plain
14:31:36,72,25.9,58.3,50,608,0,happy
14:31:52,117,30.9,60.1,65,232,1,stressed
14:32:08,83,25.8,57.1,42,525,0,happy
14:32:24,103,30.0,62.0,59,191,1,stressed
14:32:40,118,31.6,61.1,84,150,1,stressed
14:32:56,81,25.7,54.4,53,466,0,happy
14:33:12,84,27.8,63.9,38,418,0,plain
14:33:28,70,26.3,58.2,38,493,0,happy
14:33:44,92,26.7,62.9,40,406,0,plain
14:34:00,88,27.8,65.2,39,419,0,plain
14:34:16,92,28.9,59.6,42,375,0,plain
14:34:32,85,28.0,60.6,40,345,0,plain
14:34:48,76,26.4,53.2,43,484,0,happy
14:35:04,74,26.2,52.6,44,462,0,happy
14:35:20,121,31.3,64.9,73,237,1,stressed
14:35:36,77,26.8,53.5,41,408,0,happy
14:35:52,92,27.9,58.3,35,407,0,plain
14:36:08,113,31.7,60.9,61,237,1,stressed
14:36:24,88,27.8,58.1,36,331,0,plain
14:36:40,111,31.8,66.6,85,209,1,stressed
14:36:56,110,34.0,69.2,90,108,1,stressed
14:37:12,79,26.8,55.7,43,380,0,plain
14:37:28,100,31.0,65.1,72,144,0,stressed
14:37:44,78,26.2,55.1,37,519,0,happy
14:38:00,84,27.7,58.6,43,435,0,plain
14:38:16,72,25.6,59.7,55,501,0,happy
14:38:32,76,28.1,62.5,30,404,0,plain
14:38:48,74,26.3,53.8,45,498,0,happy
14:39:04,96,30.8,64.8,86,166,1,stressed
14:39:20,78,27.0,56.7,38,398,0,plain
14:39:36,113,29.7,65.7,78,144,0,stressed
14:39:52,90,27.3,61.1,41,384,0,plain
14:40:08,69,26.1,57.8,42,486,0,happy
14:40:24,93,27.7,63.2,34,369,0,plain
14:40:40,74,26.6,55.5,51,621,0,happy
14:40:56,107,31.8,67.5,66,186,1,stressed
14:41:12,80,27.9,58.2,42,412,0,plain
14:41:28,81,26.1,53.3,47,448,0,happy
14:41:44,99,28.5,61.3,38,453,0,plain
14:42:00,85,27.1,53.1,38,480,0,plain
14:42:16,80,26.6,54.5,44,510,0,happy
14:42:32,109,29.1,59.9,63,206,1,stressed
14:42:48,96,31.2,64.4,85,287,1,stressed
14:43:04,86,28.0,53.7,36,380,0,plain
14:43:20,97,28.6,65.1,39,437,0,plain
14:43:36,68,26.2,55.1,43,557,0,happy
14:43:52,72,26.7,50.0,46,536,0,happy
14:44:08,71,26.5,52.7,40,478,0,happy
14:44:24,67,26.5,54.0,39,526,0,happy
14:44:40,71,26.0,50.0,37,524,0,happy
14:44:56,104,32.0,69.0,65,181,1,stressed
14:45:12,84,28.2,59.5,37,400,0,plain
14:45:28,115,30.0,62.9,73,281,1,stressed
14:45:44,90,28.5,61.4,38,417,0,plain
14:46:00,120,30.2,58.4,66,211,0,stressed
14:46:16,112,31.3,62.5,90,201,1,stressed
14:46:32,99,30.8,63.2,74,174,1,stressed
14:46:48,68,26.8,54.2,46,581,0,happy
14:47:04,87,27.8,60.0,34,426,0,plain
14:47:20,88,28.0,58.9,39,476,0,plain
14:47:36,100,27.5,61.2,33,318,0,plain
14:47:52,95,31.1,64.5,66,225,1,stressed
14:48:08,85,28.4,57.9,39,376,0,plain
14:48:24,79,27.1,50.0,43,487,0,happy
14:48:40,84,27.8,58.9,41,351,0,plain
14:48:56,87,28.6,56.4,30,404,0,plain
14:49:12,94,27.8,57.2,38,403,0,plain
14:49:28,116,31.8,63.3,64,219,0,stressed
14:49:44,81,28.2,59.2,42,347,0,plain
14:50:00,70,27.0,53.9,42,489,0,happy
14:50:16,76,26.8,57.5,49,459,0,happy
14:50:32,77,26.0,54.9,43,503,0,happy
14:50:48,78,26.0,54.4,43,423,0,happy
14:51:04,102,30.8,60.2,66,166,1,stressed
14:51:20,72,25.6,54.8,45,587,0,happy
14:51:36,89,31.0,64.9,68,267,1,stressed
14:51:52,81,27.0,54.0,53,512,0,happy
14:52:08,79,26.3,54.0,41,493,0,happy
14:52:24,88,27.9,60.1,38,352,0,plain
14:52:40,72,26.6,52.5,43,508,0,happy
14:52:56,91,27.2,59.0,38,419,0,plain
14:53:12,100,31.1,64.4,86,250,1,stressed
14:53:28,102,31.6,65.6,57,256,1,stressed
14:53:44,128,29.2,66.9,76,193,1,stressed
14:54:00,101,32.2,66.1,68,165,1,stressed
14:54:16,86,28.5,61.6,39,381,0,plain
14:54:32,86,28.2,60.5,38,420,0,plain
14:54:48,103,30.8,67.7,66,269,1,stressed
14:55:04,73,26.1,57.5,51,460,0,happy
14:55:20,88,28.2,62.1,43,414,0,plain
14:55:36,67,26.2,55.5,44,413,0,happy
14:55:52,75,27.3,55.6,43,529,0,happy
14:56:08,112,31.1,59.2,80,241,1,stressed
14:56:24,82,26.9,57.4,41,356,0,plain
14:56:40,86,27.6,60.2,36,445,0,plain
14:56:56,115,32.0,63.7,69,246,1,stressed
14:57:12,71,25.8,55.0,56,521,0,happy
14:57:28,113,30.3,65.9,87,208,1,stressed
14:57:44,118,30.9,67.4,74,154,1,stressed
14:58:00,71,27.1,51.2,45,418,0,happy
14:58:16,106,32.0,64.8,67,102,0,stressed
14:58:32,119,29.4,60.5,61,233,1,stressed
14:58:48,107,31.3,68.1,69,263,1,stressed
14:59:04,119,30.9,62.1,78,146,1,stressed
14:59:20,81,27.3,64.0,36,390,0,plain
14:59:36,72,26.7,50.0,34,524,0,happy
14:59:52,104,31.7,58.8,69,178,1,stressed
15:00:08,89,28.2,54.7,39,377,0,plain
15:00:24,80,27.4,53.3,38,442,0,happy
15:00:40,108,31.2,69.4,68,192,1,stressed
15:00:56,73,26.7,54.7,49,493,0,happy
15:01:12,113,32.2,65.8,66,169,1,stressed
15:01:28,88,27.7,57.8,38,419,0,plain
15:01:44,77,28.2,59.7,38,437,0,plain
15:02:00,91,27.7,56.7,40,389,0,plain
15:02:16,83,26.9,53.8,55,511,0,happy
15:02:32,131,31.8,65.5,73,242,1,stressed
15:02:48,76,28.2,62.2,42,381,0,plain
15:03:04,87,27.1,53.9,48,456,0,happy
15:03:20,79,27.4,52.6,45,533,0,happy
15:03:36,79,25.5,54.7,54,446,0,happy
15:03:52,83,28.1,58.9,32,395,0,plain
15:04:08,87,28.3,61.6,33,370,0,plain
15:04:24,135,32.4,65.3,64,268,1,stressed
15:04:40,77,28.3,62.3,32,441,0,plain
15:04:56,75,25.8,55.8,39,512,0,happy
15:05:12,72,26.3,58.0,38,471,0,happy
15:05:28,96,30.9,67.1,67,244,1,stressed
15:05:44,85,28.5,58.8,33,371,0,plain
15:06:00,82,26.9,53.1,47,479,0,happy
15:06:16,109,31.6,56.2,75,207,1,stressed
15:06:32,120,31.2,63.8,66,292,1,stressed
15:06:48,77,28.4,59.9,39,399,0,plain
15:07:04,86,27.8,60.1,39,445,0,plain
15:07:20,74,26.3,58.0,52,406,0,happy
15:07:36,110,33.1,58.3,83,191,1,stressed
15:07:52,67,27.1,50.0,42,483,0,happy
15:08:08,80,26.2,55.6,46,451,0,happy
15:08:24,109,30.8,62.5,80,234,0,stressed
15:08:40,78,27.1,55.4,46,466,0,happy
15:08:56,112,32.6,64.6,73,305,1,stressed
15:09:12,86,28.3,59.1,41,390,0,plain
15:09:28,85,27.6,54.5,36,457,0,plain
15:09:44,114,31.1,63.3,66,155,1,stressed
15:10:00,110,31.8,59.5,71,240,0,stressed
15:10:16,78,26.1,54.7,53,465,0,happy
15:10:32,57,27.0,54.6,38,527,0,happy
15:10:48,77,26.6,55.2,44,561,0,happy
15:11:04,83,26.4,51.0,47,557,0,happy
15:11:20,86,27.9,57.8,40,358,0,plain
15:11:36,81,28.1,58.6,35,388,0,plain
15:11:52,108,29.8,62.9,66,159,1,stressed
15:12:08,78,26.6,59.1,39,419,0,happy
15:12:24,111,31.6,65.9,71,255,1,stressed
15:12:40,75,27.7,63.4,39,389,0,plain
15:12:56,121,29.3,66.5,67,278,1,stressed
15:13:12,91,29.1,58.7,33,389,0,plain
15:13:28,80,26.4,50.3,46,548,0,happy
15:13:44,87,29.3,60.8,37,351,0,plain
15:14:00,81,26.0,50.0,43,413,0,happy
15:14:16,95,28.1,52.7,38,447,0,plain
15:14:32,90,27.7,57.4,37,439,0,plain
15:14:48,78,27.3,56.2,44,523,0,happy
15:15:04,107,31.5,61.7,61,147,0,stressed
15:15:20,130,30.4,66.6,66,238,1,stressed
15:15:36,74,26.3,58.7,42,570,0,happy
15:15:52,82,27.9,63.3,38,331,0,plain
15:16:08,114,30.7,63.9,64,135,1,stressed
15:16:24,86,28.3,58.2,41,402,0,plain
15:16:40,133,30.7,53.8,65,234,1,stressed
15:16:56,70,26.5,51.0,53,533,0,happy
15:17:12,123,33.7,66.8,69,145,1,stressed
15:17:28,75,26.7,62.2,42,446,0,plain
15:17:44,96,29.9,69.1,76,147,1,stressed
15:18:00,74,27.0,53.2,42,441,0,happy
15:18:16,82,27.1,65.2,39,350,0,plain
15:18:32,106,31.2,61.1,58,156,1,stressed
15:18:48,90,28.0,56.0,44,426,0,plain
15:19:04,112,31.3,64.5,73,151,1,stressed
15:19:20,82,28.0,64.5,39,366,0,plain
15:19:36,87,28.6,62.0,40,435,0,plain
15:19:52,102,32.9,68.7,54,236,1,stressed
15:20:08,87,28.0,58.3,39,481,0,plain
15:20:24,85,28.2,58.1,41,322,0,plain
15:20:40,79,28.0,63.1,41,445,0,plain
15:20:56,66,27.0,55.6,44,523,0,happy
15:21:12,114,30.7,64.9,67,247,0,stressed
15:21:28,72,26.4,53.2,42,488,0,happy
15:21:44,66,26.7,53.5,42,659,0,happy
15:22:00,77,26.6,53.3,48,465,0,happy
15:22:16,89,27.5,66.2,41,452,0,plain
15:22:32,112,30.6,60.7,58,144,1,stressed
15:22:48,111,29.1,62.6,79,213,1,stressed
15:23:04,122,30.0,60.8,62,162,1,stressed
15:23:20,72,26.6,58.7,47,513,0,happy
15:23:36,112,32.3,53.7,79,223,1,stressed
15:23:52,88,28.2,56.6,37,376,0,plain
15:24:08,115,29.2,61.7,77,266,1,stressed
15:24:24,121,30.0,68.4,67,204,1,stressed
15:24:40,112,31.7,56.9,73,265,1,stressed
15:24:56,111,29.0,70.0,69,216,0,stressed
15:25:12,79,26.7,51.1,47,533,0,happy
15:25:28,82,29.5,59.3,38,391,0,plain
15:25:44,90,27.9,60.8,37,348,0,plain
15:26:00,111,30.6,62.6,79,194,1,stressed
15:26:16,80,28.2,54.3,36,342,0,plain
15:26:32,123,31.6,64.0,69,185,1,stressed
15:26:48,126,29.8,67.1,61,230,1,stressed
15:27:04,74,26.2,51.2,42,476,0,happy
15:27:20,72,26.2,54.7,38,464,0,happy
15:27:36,89,28.9,60.2,41,439,0,plain
15:27:52,123,30.0,64.8,67,220,1,stressed
15:28:08,68,26.5,54.6,46,499,0,happy
15:28:24,112,32.4,62.1,73,234,1,stressed
15:28:40,107,30.4,70.0,69,194,1,stressed
15:28:56,101,30.8,62.2,74,258,1,stressed
15:29:12,114,30.0,61.7,80,168,1,stressed
15:29:28,92,28.2,56.0,39,405,0,plain
15:29:44,92,27.1,60.8,42,387,0,plain
15:30:00,72,26.0,54.2,48,506,0,happy
15:30:16,94,30.1,61.7,70,147,1,stressed
15:30:32,83,28.3,57.5,42,359,0,plain
15:30:48,115,31.3,62.6,69,108,0,stressed
15:31:04,95,33.2,69.6,70,190,1,stressed
15:31:20,77,26.5,54.6,44,540,0,happy
15:31:36,125,30.9,60.4,69,157,1,stressed
15:31:52,100,30.2,65.9,63,230,1,stressed
15:32:08,73,26.4,54.4,48,464,0,happy
15:32:24,74,26.9,55.7,47,552,0,happy
15:32:40,68,26.5,51.6,51,477,0,happy
15:32:56,86,28.7,63.4,37,318,0,plain
15:33:12,111,31.2,62.6,80,227,1,stressed
15:33:28,118,30.7,62.1,61,200,1,stressed
15:33:44,90,26.9,64.6,37,355,0,plain
15:34:00,72,26.5,55.9,52,494,0,happy
15:34:16,60,26.9,58.5,42,481,0,happy
15:34:32,121,31.6,63.7,78,195,1,stressed
15:34:48,79,27.4,51.5,45,475,0,happy
15:35:04,83,27.8,65.1,39,425,0,plain
15:35:20,108,29.8,66.8,68,203,1,stressed
15:35:36,73,28.1,50.0,50,435,0,happy
15:35:52,85,27.8,60.8,36,400,0,plain
15:36:08,79,26.7,53.5,43,522,0,happy
15:36:24,80,27.1,59.3,39,507,0,plain
15:36:40,108,30.6,65.7,68,173,1,stressed
15:36:56,106,31.6,66.6,75,226,1,stressed
15:37:12,94,30.0,67.7,63,203,1,stressed
15:37:28,88,28.0,63.5,35,404,0,plain
15:37:44,73,26.0,61.8,43,475,0,happy
15:38:00,87,30.9,60.9,70,217,1,stressed
15:38:16,79,27.6,61.6,40,365,0,plain
15:38:32,74,26.7,55.3,44,559,0,happy
15:38:48,84,27.7,57.5,41,330,0,plain
15:39:04,102,31.1,66.5,62,166,0,stressed
15:39:20,80,27.1,57.7,39,398,0,plain
15:39:36,85,28.1,62.2,38,462,0,plain
15:39:52,91,27.6,63.7,37,371,0,plain
15:40:08,84,27.8,52.0,38,470,0,plain
15:40:24,81,28.7,55.0,37,359,0,plain
15:40:40,77,25.3,51.8,40,436,0,happy
15:40:56,89,27.2,55.7,39,415,0,plain
15:41:12,96,29.5,62.1,81,204,1,stressed
15:41:28,79,26.6,55.4,53,500,0,happy
15:41:44,116,31.2,66.7,67,249,1,stressed
15:42:00,116,32.6,62.1,72,203,1,stressed
15:42:16,110,32.0,63.0,77,212,1,stressed
15:42:32,82,26.5,53.0,36,496,0,happy
15:42:48,107,30.8,67.6,76,235,1,stressed
15:43:04,68,26.1,50.0,43,485,0,happy
15:43:20,78,26.5,54.7,60,540,0,happy
15:43:36,70,27.3,57.9,41,520,0,happy
15:43:52,77,26.0,57.1,38,425,0,happy
15:44:08,100,31.5,61.7,71,149,1,stressed
15:44:24,77,28.3,57.0,37,380,0,plain
15:44:40,79,28.3,61.7,41,424,0,plain
15:44:56,104,29.1,62.5,74,170,1,stressed
15:45:12,82,28.9,62.3,39,448,0,plain
15:45:28,71,25.7,56.3,46,501,0,happy
15:45:44,74,25.6,52.7,41,545,0,happy
15:46:00,75,26.0,58.0,47,510,0,happy
15:46:16,69,27.1,57.2,40,500,0,happy
15:46:32,89,28.1,62.7,39,437,0,plain
15:46:48,86,28.7,64.0,39,435,0,plain
15:47:04,80,26.3,52.3,41,530,0,happy
15:47:20,77,26.5,57.3,46,478,0,happy
15:47:36,82,28.2,59.5,39,400,0,plain
15:47:52,80,27.8,61.6,36,449,0,plain
15:48:08,105,31.5,61.7,73,201,1,stressed
15:48:24,80,26.8,53.3,44,482,0,happy
15:48:40,78,26.7,53.5,42,548,0,happy
15:48:56,78,26.4,52.1,45,454,0,happy
15:49:12,79,26.5,53.7,48,543,0,happy
15:49:28,97,31.1,61.4,60,227,1,stressed
15:49:44,75,27.1,53.5,50,515,0,happy
15:50:00,85,28.1,58.7,40,397,0,plain
15:50:16,81,26.2,54.8,47,536,0,happy
15:50:32,101,31.4,61.6,86,250,1,stressed
15:50:48,84,28.1,63.0,38,400,0,plain
15:51:04,76,26.5,55.6,47,489,0,happy
15:51:20,122,31.7,64.7,67,222,1,stressed
15:51:36,80,28.0,57.8,38,388,0,plain
15:51:52,84,28.1,57.7,38,395,0,plain
15:52:08,112,32.2,63.6,71,232,1,stressed
15:52:24,78,26.5,53.9,39,436,0,happy
15:52:40,88,27.0,56.5,44,498,0,happy
15:52:56,75,26.0,60.0,46,445,0,happy
15:53:12,114,32.7,67.2,68,245,1,stressed
15:53:28,88,27.4,61.8,32,429,0,plain
15:53:44,79,28.0,59.0,40,340,0,plain
15:54:00,102,32.4,65.6,61,209,1,stressed
15:54:16,88,27.5,59.1,41,424,0,plain
15:54:32,85,28.0,58.9,39,366,0,plain
15:54:48,113,32.1,60.5,53,169,1,stressed
15:55:04,99,29.2,68.7,60,147,1,stressed
15:55:20,84,27.6,57.4,39,368,0,plain
15:55:36,89,27.4,60.7,34,343,0,plain
15:55:52,92,28.8,61.0,38,370,0,plain
15:56:08,72,26.2,62.5,45,406,0,happy
15:56:24,82,28.4,63.8,40,342,0,plain
15:56:40,112,32.6,65.2,78,184,1,stressed
15:56:56,78,26.5,61.0,36,515,0,happy
15:57:12,78,25.7,53.9,47,576,0,happy
15:57:28,107,31.9,66.0,65,156,1,stressed
15:57:44,74,26.9,50.6,48,509,0,happy
15:58:00,77,26.2,53.5,47,553,0,happy
15:58:16,108,31.4,61.9,68,172,1,stressed
15:58:32,122,31.5,62.8,65,159,1,stressed
15:58:48,82,28.3,61.9,43,454,0,plain
15:59:04,94,27.1,65.8,33,370,0,plain
15:59:20,71,25.9,50.0,48,481,0,happy
15:59:36,73,26.9,58.1,43,455,0,happy
15:59:52,89,27.5,60.6,38,411,0,plain
16:00:08,113,30.4,64.8,70,266,1,stressed
16:00:24,80,27.9,61.9,37,354,0,plain
16:00:40,69,26.9,55.7,34,445,0,happy
16:00:56,108,30.3,66.4,78,120,1,stressed
16:01:12,107,30.1,62.8,79,170,1,stressed
16:01:28,89,27.1,62.3,41,329,0,plain
16:01:44,80,27.1,54.6,55,460,0,happy
16:02:00,75,26.4,60.8,48,537,0,happy
16:02:16,98,31.6,66.8,79,221,1,stressed
16:02:32,97,31.2,64.8,77,283,0,stressed
16:02:48,119,31.9,65.1,72,217,0,stressed
16:03:04,91,28.2,61.8,39,429,0,plain
16:03:20,102,32.4,62.7,71,260,1,stressed
16:03:36,99,29.8,64.8,74,133,1,stressed
16:03:52,96,29.5,68.5,72,229,1,stressed
16:04:08,78,28.1,59.0,41,405,0,plain
16:04:24,85,26.7,52.7,48,493,0,happy
16:04:40,75,28.0,61.2,40,396,0,plain
16:04:56,109,30.2,65.6,78,231,1,stressed
16:05:12,113,31.5,64.0,66,224,1,stressed
16:05:28,108,31.8,67.7,68,181,1,stressed
16:05:44,78,26.3,54.4,54,531,0,happy
16:06:00,110,30.5,66.2,76,195,1,stressed
16:06:16,75,26.6,58.6,44,505,0,happy
16:06:32,101,29.8,69.2,68,137,1,stressed
16:06:48,120,31.3,65.3,65,129,1,stressed
16:07:04,74,26.5,57.8,48,463,0,happy
16:07:20,123,32.4,63.7,59,224,1,stressed
16:07:36,84,28.4,64.2,32,420,0,plain
16:07:52,80,26.6,57.3,43,490,0,happy
16:08:08,79,26.2,56.7,41,470,0,happy
16:08:24,86,26.8,56.7,52,556,0,happy
16:08:40,72,26.0,56.0,51,563,0,happy
16:08:56,90,27.9,59.8,37,331,0,plain
16:09:12,74,27.1,53.0,47,577,0,happy
16:09:28,78,27.7,61.7,37,381,0,plain
16:09:44,77,26.1,52.0,43,512,0,happy
16:10:00,83,26.4,53.8,45,458,0,happy
16:10:16,79,26.6,55.8,40,576,0,happy
16:10:32,102,31.2,63.8,42,212,1,stressed
16:10:48,76,26.4,56.6,49,528,0,happy
16:11:04,84,28.1,61.3,34,441,0,plain
16:11:20,80,28.0,63.0,39,334,0,plain
16:11:36,76,26.9,52.2,47,442,0,happy
16:11:52,88,27.5,60.0,35,364,0,plain
16:12:08,64,26.4,51.6,46,450,0,happy
16:12:24,109,28.9,67.0,76,218,1,stressed
16:12:40,74,27.1,57.0,45,515,0,happy
16:12:56,117,31.9,62.8,70,235,0,stressed
16:13:12,72,27.5,57.1,47,474,0,happy
16:13:28,107,31.5,66.8,58,157,1,stressed
16:13:44,81,28.9,58.6,42,422,0,plain
16:14:00,112,32.8,66.7,74,176,0,stressed
16:14:16,90,27.7,64.7,36,367,0,plain
16:14:32,118,31.2,66.2,73,129,1,stressed
16:14:48,89,27.9,62.3,44,384,0,plain
16:15:04,117,28.7,64.9,65,199,1,stressed
16:15:20,83,27.5,63.6,38,431,0,plain
16:15:36,83,26.7,58.1,46,611,0,happy
16:15:52,104,29.4,64.7,64,220,1,stressed
16:16:08,104,30.5,68.7,72,239,1,stressed
16:16:24,78,27.0,51.4,44,416,0,happy
16:16:40,114,31.5,64.0,71,210,1,stressed
16:16:56,105,31.4,60.7,78,150,1,stressed
16:17:12,120,30.8,57.5,85,274,1,stressed
16:17:28,77,28.8,60.0,35,394,0,plain
16:17:44,67,26.8,51.8,40,487,0,happy
16:18:00,71,26.7,59.9,46,522,0,happy
16:18:16,82,26.6,52.7,41,466,0,happy
16:18:32,83,26.6,50.3,36,473,0,happy
16:18:48,82,27.3,61.0,35,433,0,plain
16:19:04,96,31.7,63.0,74,346,1,stressed
16:19:20,87,27.2,61.4,37,424,0,plain
16:19:36,100,31.4,67.7,56,120,1,stressed
16:19:52,115,29.3,67.3,62,149,1,stressed
16:20:08,76,26.1,52.6,46,546,0,happy
16:20:24,77,26.7,54.5,38,614,0,happy
16:20:40,86,28.7,62.5,35,374,0,plain
16:20:56,78,26.9,54.4,52,586,0,happy
16:21:12,85,28.3,63.0,40,430,0,plain
16:21:28,96,31.9,66.2,54,95,1,stressed
16:21:44,85,27.5,62.3,39,450,0,plain
16:22:00,74,26.2,56.5,53,501,0,happy
16:22:16,83,28.5,59.3,39,418,0,plain
16:22:32,73,27.1,54.9,38,530,0,happy
16:22:48,130,31.0,63.3,61,155,1,stressed
16:23:04,73,26.4,52.4,52,458,0,happy
16:23:20,87,27.9,51.9,39,412,0,plain
16:23:36,110,33.2,66.9,59,213,1,stressed
16:23:52,97,31.5,67.4,80,229,0,stressed
16:24:08,116,30.2,64.5,60,181,1,stressed
16:24:24,104,32.3,67.1,65,205,1,stressed
16:24:40,119,32.0,66.6,74,244,0,stressed
16:24:56,72,26.6,52.5,51,609,0,happy
16:25:12,86,28.4,53.7,41,423,0,plain
16:25:28,117,31.3,64.2,71,167,1,stressed
16:25:44,96,31.8,62.5,69,220,1,stressed
16:26:00,76,26.5,50.0,50,442,0,happy
16:26:16,87,27.9,55.9,37,401,0,plain
16:26:32,82,28.4,60.8,30,371,0,plain
16:26:48,81,26.2,50.0,44,354,0,happy
16:27:04,101,32.4,62.7,77,163,1,stressed
16:27:20,78,27.2,56.6,58,489,0,happy
16:27:36,82,25.8,51.9,53,405,0,happy
16:27:52,77,26.8,56.3,42,451,0,happy
16:28:08,94,27.1,66.0,42,246,0,plain
16:28:24,80,28.0,60.4,41,357,0,plain
16:28:40,113,30.5,65.4,70,161,1,stressed
16:28:56,99,30.9,65.7,67,148,0,stressed
16:29:12,99,30.4,69.0,77,174,0,stressed
16:29:28,86,28.2,61.3,36,419,0,plain
16:29:44,75,25.8,50.0,46,532,0,happy
16:30:00,81,27.3,64.9,36,434,0,plain
16:30:16,81,27.9,65.6,38,382,0,plain
16:30:32,118,30.7,67.6,72,122,0,stressed
16:30:48,82,27.1,56.1,34,420,0,plain
16:31:04,87,28.3,66.1,34,388,0,plain
16:31:20,108,29.2,62.2,74,219,1,stressed
16:31:36,82,26.7,55.7,39,505,0,happy
16:31:52,72,27.6,62.0,39,371,0,plain
16:32:08,70,26.8,52.0,43,459,0,happy
16:32:24,78,27.1,54.9,45,503,0,happy
16:32:40,95,29.7,66.6,81,181,0,stressed
16:32:56,78,26.1,60.5,35,430,0,happy
16:33:12,77,26.0,50.0,44,496,0,happy
16:33:28,80,26.9,52.7,46,574,0,happy
16:33:44,109,30.8,63.3,74,228,1,stressed
16:34:00,81,26.3,56.1,36,496,0,happy
16:34:16,83,28.2,59.7,37,355,0,plain
16:34:32,78,26.3,53.1,48,518,0,happy
16:34:48,83,27.7,53.1,36,389,0,plain
16:35:04,96,31.2,65.0,72,96,0,stressed
16:35:20,121,31.1,65.5,72,159,1,stressed
16:35:36,71,26.3,55.3,47,520,0,happy
16:35:52,73,26.6,55.7,53,575,0,happy
16:36:08,85,27.2,54.0,43,483,0,happy
16:36:24,112,29.7,68.0,52,188,1,stressed
16:36:40,89,28.2,61.7,33,376,0,plain
16:36:56,86,28.1,58.6,34,439,0,plain
16:37:12,89,27.7,57.2,43,337,0,plain
16:37:28,118,32.3,60.3,68,203,0,stressed
16:37:44,88,28.2,57.9,37,436,0,plain
16:38:00,91,31.3,65.9,66,216,1,stressed
16:38:16,107,31.0,64.8,63,120,1,stressed
16:38:32,80,25.8,54.5,39,512,0,happy
16:38:48,89,28.0,61.8,42,438,0,plain
16:39:04,90,27.9,62.0,34,344,0,plain
16:39:20,121,32.1,69.0,71,168,1,stressed
16:39:36,109,31.6,62.2,73,308,1,stressed
16:39:52,71,26.2,51.9,42,449,0,happy
16:40:08,92,27.3,61.0,33,311,0,plain
16:40:24,73,25.9,54.5,43,573,0,happy
16:40:40,109,30.3,63.1,70,220,1,stressed
16:40:56,99,29.9,70.0,83,213,1,stressed
16:41:12,85,28.8,56.8,40,445,0,plain
16:41:28,70,27.9,63.3,39,398,0,plain
16:41:44,83,29.5,64.9,77,202,1,stressed
16:42:00,111,30.4,62.4,57,156,1,stressed
16:42:16,67,26.4,52.7,37,497,0,happy
16:42:32,78,27.3,52.1,38,434,0,plain
16:42:48,91,27.6,58.6,40,375,0,plain
16:43:04,73,28.2,65.9,41,342,0,plain
16:43:20,111,29.5,65.8,65,257,1,stressed
16:43:36,78,26.1,56.0,47,442,0,happy
16:43:52,77,26.6,54.5,51,451,0,happy
16:44:08,106,30.2,62.3,83,214,1,stressed
16:44:24,75,28.7,60.3,34,430,0,plain
16:44:40,103,31.0,66.2,73,55,0,stressed
16:44:56,77,26.3,62.6,46,567,0,happy
16:45:12,123,30.8,63.0,61,147,1,stressed
16:45:28,66,25.5,51.9,42,620,0,happy
16:45:44,104,30.5,65.5,63,216,1,stressed
16:46:00,71,26.4,57.3,36,456,0,happy
16:46:16,117,31.8,63.7,67,137,0,stressed
16:46:32,108,29.5,64.5,67,246,0,stressed
16:46:48,83,28.3,61.1,36,376,0,plain
16:47:04,86,28.3,56.5,39,359,0,plain
16:47:20,65,26.1,54.5,43,566,0,happy
16:47:36,87,28.5,60.5,40,358,0,plain
16:47:52,114,30.1,68.4,58,275,1,stressed
16:48:08,92,28.2,64.1,36,369,0,plain
16:48:24,84,28.0,68.7,40,431,0,plain
16:48:40,87,28.3,59.8,32,378,0,plain
16:48:56,113,29.7,62.4,68,133,1,stressed
16:49:12,77,26.8,51.2,42,519,0,happy
16:49:28,77,26.8,54.2,47,501,0,happy
16:49:44,91,28.3,55.0,38,424,0,plain
16:50:00,124,29.6,67.6,72,182,1,stressed
16:50:16,78,25.8,53.1,44,495,0,happy
16:50:32,78,25.3,53.2,43,575,0,happy
16:50:48,81,28.4,66.6,36,409,0,plain
16:51:04,115,31.1,68.5,78,112,1,stressed
16:51:20,89,28.0,58.9,38,390,0,plain
16:51:36,120,30.8,64.8,70,122,0,stressed
16:51:52,119,31.2,67.1,80,256,1,stressed
16:52:08,86,28.2,56.5,38,347,0,plain
16:52:24,114,30.9,69.1,50,111,1,stressed
16:52:40,85,27.7,63.9,37,457,0,plain
16:52:56,76,26.8,56.8,44,486,0,happy
16:53:12,78,26.9,58.7,51,421,0,happy
16:53:28,83,27.8,63.3,39,368,0,plain
16:53:44,74,26.0,54.8,43,509,0,happy
16:54:00,98,32.3,66.3,79,230,1,stressed
16:54:16,93,28.2,64.2,40,413,0,plain
16:54:32,124,30.4,69.3,69,228,1,stressed
16:54:48,90,28.3,63.4,39,397,0,plain
16:55:04,82,27.7,63.7,36,421,0,plain
16:55:20,121,30.8,63.7,66,151,1,stressed
16:55:36,68,26.5,56.0,45,499,0,happy
16:55:52,78,28.3,61.1,39,400,0,plain
16:56:08,122,30.4,59.1,79,197,1,stressed
16:56:24,86,29.1,56.7,40,410,0,plain
16:56:40,113,29.8,65.5,79,186,1,stressed
16:56:56,73,25.9,54.1,33,450,0,happy
16:57:12,86,26.5,64.1,35,479,0,plain
16:57:28,86,26.2,52.9,36,500,0,happy
16:57:44,78,26.5,54.4,40,442,0,happy
16:58:00,105,31.0,63.5,76,106,1,stressed
16:58:16,100,30.4,63.3,78,88,1,stressed
16:58:32,133,30.5,64.3,69,229,1,stressed
16:58:48,79,26.7,58.6,38,609,0,happy
16:59:04,76,26.9,63.8,39,376,0,plain
16:59:20,116,31.2,62.5,78,266,1,stressed
16:59:36,133,29.5,66.8,72,121,1,stressed
16:59:52,69,26.2,57.9,43,536,0,happy
17:00:08,75,26.2,54.5,47,483,0,happy
17:00:24,78,26.3,55.7,50,538,0,happy
17:00:40,82,26.3,55.0,49,457,0,happy
17:00:56,75,26.7,57.3,45,477,0,happy
17:01:12,113,30.4,61.6,75,240,1,stressed
17:01:28,83,26.3,58.2,52,492,0,happy
17:01:44,85,28.4,59.9,39,417,0,plain
17:02:00,116,30.7,63.5,78,127,1,stressed
17:02:16,106,31.6,62.0,75,144,0,stressed
17:02:32,83,28.4,63.2,36,416,0,plain
17:02:48,80,26.4,56.3,46,479,0,happy
17:03:04,102,31.3,63.2,76,198,1,stressed
17:03:20,69,26.1,56.3,49,474,0,happy
17:03:36,77,28.0,62.8,40,399,0,plain
17:03:52,80,27.6,57.8,41,322,0,plain
17:04:08,78,27.4,55.3,34,373,0,plain
17:04:24,78,27.1,57.4,52,462,0,happy
17:04:40,112,32.1,60.1,72,202,1,stressed
17:04:56,115,32.8,64.7,60,296,0,stressed
17:05:12,79,26.1,53.8,36,551,0,happy
17:05:28,85,28.3,64.1,44,410,0,plain
17:05:44,118,32.0,67.0,63,166,1,stressed
17:06:00,82,27.6,63.1,39,363,0,plain
17:06:16,114,33.7,65.5,62,185,1,stressed
17:06:32,108,31.0,67.0,65,324,1,stressed
17:06:48,86,27.9,60.6,40,367,0,plain
