timestamp,bpm,temperature,humidity,noise,ldr,in_motion,happiness_score,emotion,
9:03:35,64,24.5,70,65.3,4096,0,85,happy,
9:03:51,64,24.5,70,65.3,4096,0,85,happy,
9:04:07,64,24.4,70,65.3,4096,0,85,happy,
9:04:23,64,24.5,70,65.3,4096,0,85,happy,
9:04:39,64,24.5,70.1,65.3,4096,0,76.5,happy,
9:04:55,64,24.6,70,65.3,4096,0,85,happy,
9:05:11,65,24.5,70,65.3,4096,0,85,happy,
9:05:27,64,24.6,70,65.3,4096,0,85,happy,
9:05:43,65,24.6,70,65.3,4096,0,85,happy,
9:05:59,65,24.5,70,65.3,4096,0,85,happy,
9:06:15,65,24.4,70,65.3,4096,0,85,happy,
9:06:31,70,24.5,70,65.3,4096,0,85,happy,
9:06:47,67,24.5,70,65.3,4096,0,85,happy,
9:07:03,63,24.4,70,65.3,4096,0,85,happy,
9:07:19,69,24.4,70,65.3,4096,0,85,happy,
9:07:35,66,24.4,70,65.3,4096,0,85,happy,
9:07:51,64,24.4,70,65.3,4096,0,85,happy,
9:08:07,62,24.3,70,65.3,4096,0,85,happy,
9:08:23,61,24.3,70,65.3,4096,0,85,happy,
9:08:39,69,24.3,70,65.3,4096,0,85,happy,
9:08:55,68,24.5,70,65.3,4096,0,85,happy,
9:09:11,67,24.5,70,65.3,4096,0,85,happy,
9:09:27,65,24.5,70,65.3,4096,0,85,happy,
9:09:43,64,24.4,70,65.3,4096,0,85,happy,
9:09:59,63,24.3,70,65.3,4096,0,85,happy,
9:10:15,61,24.3,70,65.3,4096,0,85,happy,
9:10:31,66,24.4,70,65.3,4096,0,85,happy,
9:10:47,63,24.4,70,65.3,4096,0,85,happy,
9:11:03,68,24.5,70,65.3,4096,0,85,happy,
9:11:19,65,24.5,70,65.3,4096,0,85,happy,
9:11:35,62,24.5,70,65.3,4096,0,85,happy,
9:11:51,70,24.5,70,65.3,4096,0,85,happy,
9:12:07,67,24.5,70,65.3,4096,0,85,happy,
9:12:23,65,24.5,70,65.3,4096,0,85,happy,
9:12:39,63,24.5,70,95.9,4096,0,82.45,happy,
9:12:55,61,24.5,70,95.9,4096,0,82.45,happy,
9:13:11,69,24.5,70,90.8,4096,0,83.3,happy,
9:13:27,68,24.6,70,85.7,4096,0,84.15,happy,
9:13:43,67,24.5,70,85.7,4096,0,84.15,happy,
9:13:59,66,24.5,70,85.7,4096,0,84.15,happy,
9:14:15,65,24.6,70,80.6,4096,0,85,happy,
9:14:31,64,24.6,70,80.6,4096,0,85,happy,
9:14:47,73,24.6,70,111.2,4096,0,77.35,happy,
9:15:03,72,24.6,70,106.1,4096,0,79.05,happy,
9:15:19,71,24.6,70,101,4096,0,80.75,happy,
9:15:35,70,24.5,70,95.9,4096,0,82.45,happy,
9:15:51,69,24.4,70.1,95.9,4096,0,73.95,happy,
9:16:07,69,24.4,70,90.8,4096,0,83.3,happy,
9:16:23,69,24.5,70,85.7,4096,0,84.15,happy,
9:16:39,68,24.6,70,85.7,4096,0,84.15,happy,
9:16:55,69,24.5,70,80.6,4096,0,85,happy,
9:17:11,69,24.6,70.1,80.6,4096,0,76.5,happy,
9:17:27,68,24.5,70.2,80.6,4096,0,76.5,happy,
9:17:43,68,24.5,70.2,75.5,4096,0,76.5,happy,
9:17:59,68,24.5,70.3,75.5,4096,0,76.5,happy,
9:18:15,68,24.6,70.2,75.5,4096,0,76.5,happy,
9:18:31,67,24.5,70,75.5,4096,0,85,happy,
9:18:47,67,24.5,70,75.5,4096,0,85,happy,
9:19:03,65,24.6,70,70.4,4096,0,85,happy,
9:19:19,66,24.6,70,70.4,4096,0,85,happy,
9:19:35,65,24.6,70,70.4,4096,0,85,happy,
9:19:51,66,24.6,70.1,70.4,4096,0,76.5,happy,
9:20:07,66,24.6,70,70.4,4096,0,85,happy,
9:20:23,65,24.6,70,70.4,4096,0,85,happy,
9:20:39,66,24.5,70,70.4,4096,0,85,happy,
9:20:55,66,24.5,70,70.4,4096,0,85,happy,
9:21:11,75,24.5,70,70.4,4096,0,82.45,happy,
9:21:27,71,24.4,70,65.3,4096,0,84.15,happy,
9:21:43,68,24.4,70,70.4,4096,0,85,happy,
9:21:59,65,24.3,70,65.3,4096,0,85,happy,
9:22:15,62,24.3,70,65.3,4096,0,85,happy,
9:22:31,59,24.3,70,65.3,4096,0,85,happy,
9:22:47,57,24.3,70,65.3,4096,0,85,happy,
9:23:03,56,24.3,70,65.3,4096,0,85,happy,
9:23:19,54,24.4,70,65.3,4096,0,85,happy,
9:23:35,52,24.4,70.1,65.3,4096,0,76.5,happy,
9:23:51,84,24.4,70.1,65.3,4096,0,68.85,happy,
9:24:07,79,24.4,70,65.3,4096,0,79.9,happy,
9:24:23,75,24.5,70,65.3,4096,0,82.45,happy,
9:24:39,72,24.4,70.2,65.3,4096,0,75.65,happy,
9:24:55,67,24.4,70.2,65.3,4096,0,76.5,happy,
9:25:11,64,24.4,70.1,65.3,4096,0,76.5,happy,
9:25:27,72,24.4,70,65.3,4096,0,84.15,happy,
9:25:43,70,24.3,70,65.3,4096,0,85,happy,
9:25:59,77,24.3,70,65.3,4096,0,80.75,happy,
9:26:15,85,24.4,70,65.3,4096,0,76.5,happy,
9:26:31,83,24.3,70,90.8,4096,0,75.65,happy,
9:26:47,80,24.3,70,90.8,4096,0,77.35,happy,
9:27:03,77,24.4,70,85.7,4096,0,80.75,happy,
9:27:19,76,24.4,70,85.7,4096,0,80.75,happy,
9:27:35,74,24.4,70,80.6,4096,0,82.45,happy,
9:27:51,73,24.4,70,80.6,4096,0,83.3,happy,
9:28:07,73,24.5,70,80.6,4096,0,83.3,happy,
9:28:23,72,24.5,70,75.5,4096,0,84.15,happy,
9:28:39,72,24.6,70,75.5,4096,0,84.15,happy,
9:28:55,70,24.6,70,75.5,4096,0,85,happy,
9:29:11,70,24.6,70,75.5,4096,0,85,happy,
9:29:27,70,24.6,70,70.4,4096,0,85,happy,
9:29:43,70,24.6,70,70.4,4096,0,85,happy,
9:29:59,69,24.5,70,70.4,4096,0,85,happy,
9:30:15,69,24.5,70.1,70.4,4096,0,76.5,happy,
9:30:31,68,24.5,70.2,70.4,4096,0,76.5,happy,
9:30:47,68,24.6,70.2,70.4,4096,0,76.5,happy,
9:31:03,67,24.6,70.2,70.4,4096,0,76.5,happy,
9:31:19,66,24.5,70.3,95.9,4096,0,73.95,happy,
9:31:35,66,24.5,70.2,90.8,4096,0,74.8,happy,
9:31:51,66,24.5,70.3,90.8,4096,0,74.8,happy,
9:32:07,67,24.5,70.1,121.4,4096,0,68.85,happy,
9:32:23,66,24.5,70.1,116.3,4096,0,69.7,happy,
9:32:39,66,24.6,70.3,111.2,4096,0,70.55,happy,
9:32:55,66,24.6,70.2,106.1,4096,0,72.25,happy,
9:33:11,67,24.5,70.4,101,4096,0,73.1,happy,
9:33:27,67,24.5,70.6,101,4096,0,73.1,happy,
9:33:43,98,24.5,70.7,95.9,4096,0,57.8,happy,
9:33:59,120,24.3,70.6,90.8,4096,0,46.75,plain,
9:34:15,120,24.2,70.6,90.8,4096,0,46.75,plain,
9:34:31,120,24.4,70.5,90.8,4096,0,46.75,plain,
9:34:47,115,24.4,70.4,121.4,4096,0,43.35,plain,
9:35:03,110,24.5,70.5,116.3,4096,0,47.6,plain,
9:35:19,106,24.5,70.7,111.2,4096,0,50.15,plain,
9:35:35,103,24.6,70.7,106.1,4096,0,53.55,plain,
9:35:51,99,24.6,70.5,106.1,4096,0,55.25,plain,
9:36:07,95,24.6,70.5,101,4096,0,58.65,happy,
9:36:23,92,24.6,70.5,95.9,4096,0,61.2,happy,
9:36:39,90,24.5,70.5,90.8,4096,0,63.75,happy,
9:36:55,88,24.5,70.6,90.8,4096,0,64.6,happy,
9:37:11,86,24.5,70.5,85.7,4096,0,67.15,happy,
9:37:27,84,24.6,70.4,85.7,4096,0,68,happy,
9:37:43,83,24.5,70.6,85.7,4096,0,68.85,happy,
9:37:59,81,24.4,70.4,80.6,4096,0,70.55,happy,
9:38:15,80,24.4,70.4,80.6,4096,0,70.55,happy,
9:38:31,79,24.5,70.3,80.6,4096,0,71.4,happy,
9:38:47,77,24.5,70.2,80.6,4096,0,72.25,happy,
9:39:03,76,24.4,70.2,75.5,4096,0,73.1,happy,
9:39:19,74,24.4,70.1,75.5,4096,0,73.95,happy,
9:39:35,74,24.4,70.2,75.5,4096,0,73.95,happy,
9:39:51,73,24.4,70.1,75.5,4096,0,74.8,happy,
9:40:07,72,24.4,70,75.5,4096,0,84.15,happy,
9:40:23,71,24.4,70,70.4,4096,0,84.15,happy,
9:40:39,71,24.4,70,70.4,4096,0,84.15,happy,
9:40:55,69,24.4,70,70.4,4096,0,85,happy,
9:41:11,69,24.5,70,70.4,4096,0,85,happy,
9:41:27,68,24.5,70,70.4,4096,0,85,happy,
9:41:43,68,24.5,70.1,70.4,4096,0,76.5,happy,
9:41:59,67,24.5,70,70.4,4096,0,85,happy,
9:42:15,67,24.4,70,70.4,4096,0,85,happy,
9:42:31,66,24.4,70.1,70.4,4096,0,76.5,happy,
9:42:47,66,24.4,70.1,70.4,4096,0,76.5,happy,
9:43:03,66,24.4,70.2,70.4,4096,0,76.5,happy,
9:43:19,66,24.3,70.2,65.3,4096,0,76.5,happy,
9:43:35,66,24.4,70.2,70.4,4096,0,76.5,happy,
9:43:51,66,24.5,70.2,65.3,4096,0,76.5,happy,
9:44:07,66,24.5,70,65.3,4096,0,85,happy,
9:44:23,66,24.6,70,65.3,4096,0,85,happy,
9:44:39,66,24.6,70,65.3,4096,0,85,happy,
9:44:55,66,24.6,70,65.3,4096,0,85,happy,
9:45:11,65,24.5,70,65.3,4096,0,85,happy,
9:45:27,65,24.6,70,65.3,4096,0,85,happy,
9:45:43,65,24.6,70,95.9,4096,0,82.45,happy,
9:45:59,65,24.5,70.1,90.8,4096,0,74.8,happy,
9:46:15,65,24.6,70,90.8,4096,0,83.3,happy,
9:46:31,65,24.6,70.1,85.7,4096,0,75.65,happy,
9:46:47,66,24.6,70.1,85.7,4096,0,75.65,happy,
9:47:03,65,24.5,70.2,85.7,4096,0,75.65,happy,
9:47:19,66,24.5,70.2,80.6,4096,0,76.5,happy,
9:47:35,66,24.6,70.2,80.6,4096,0,76.5,happy,
9:47:51,67,24.5,70.1,80.6,4096,0,76.5,happy,
9:48:07,67,24.7,70.3,80.6,4096,0,76.5,happy,
9:48:23,67,24.6,70.3,75.5,4096,0,76.5,happy,
9:48:39,68,24.6,70.3,75.5,4096,0,76.5,happy,
9:48:55,68,24.5,70.1,75.5,4096,0,76.5,happy,
9:49:11,68,24.5,70.1,75.5,4096,0,76.5,happy,
9:49:27,67,24.5,70.3,101,4096,0,73.1,happy,
9:49:43,67,24.5,70.3,101,4096,0,73.1,happy,
9:49:59,67,24.5,70.3,95.9,4096,0,73.95,happy,
9:50:15,67,24.5,70.2,90.8,4096,0,74.8,happy,
9:50:31,103,24.5,70.2,90.8,4096,0,56.1,plain,
9:50:47,100,24.4,70.2,90.8,4096,0,57.8,happy,
9:51:03,97,24.4,70.1,85.7,4096,0,60.35,happy,
9:51:19,94,24.4,70,85.7,4096,0,70.55,happy,
9:51:35,92,24.4,70,80.6,4096,0,72.25,happy,
9:51:51,89,24.5,70,80.6,4096,0,73.95,happy,
9:52:07,86,24.5,70,80.6,4096,0,75.65,happy,
9:52:23,83,24.5,70,80.6,4096,0,77.35,happy,
9:52:39,82,24.5,70.3,75.5,4096,0,69.7,happy,
9:52:55,80,24.4,70.3,75.5,4096,0,70.55,happy,
9:53:11,78,24.4,70.3,75.5,4096,0,72.25,happy,
9:53:27,76,24.4,70.3,75.5,4096,0,73.1,happy,
9:53:43,75,24.4,70.2,70.4,4096,0,73.95,happy,
9:53:59,74,24.5,70.2,70.4,4096,0,73.95,happy,
9:54:15,73,24.4,70.3,70.4,4096,0,74.8,happy,
9:54:31,72,24.4,70.4,70.4,4096,0,75.65,happy,
9:54:47,71,24.4,70.3,70.4,4096,0,75.65,happy,
9:55:03,71,24.4,70.3,70.4,4096,0,75.65,happy,
9:55:19,70,24.3,70.2,106.1,4096,0,72.25,happy,
9:55:35,69,24.3,70.2,101,4096,0,73.1,happy,
9:55:51,68,24.4,70.1,95.9,4096,0,73.95,happy,
9:56:07,68,24.4,70,95.9,4096,0,82.45,happy,
9:56:23,68,24.3,70.1,121.4,4096,0,68.85,happy,
9:56:39,68,24.4,70,116.3,4096,0,78.2,happy,
9:56:55,68,24.4,70,111.2,4096,0,79.05,happy,
9:57:11,82,24.4,70,106.1,4096,0,73.95,happy,
9:57:27,79,24.4,70,101,4096,0,76.5,happy,
9:57:43,76,24.4,70,95.9,4096,0,79.05,happy,
9:57:59,73,24.4,70,95.9,4096,0,80.75,happy,
9:58:15,80,24.4,70,90.8,4096,0,77.35,happy,
9:58:31,80,24.4,70,90.8,4096,0,77.35,happy,
9:58:47,75,24.4,70,85.7,4096,0,81.6,happy,
9:59:03,71,24.4,70,85.7,4096,0,84.15,happy,
9:59:19,65,24.6,70,85.7,4096,0,84.15,happy,
9:59:35,61,24.5,70.1,80.6,4096,0,76.5,happy,
9:59:51,67,24.6,70,80.6,4096,0,85,happy,
10:00:07,80,24.6,70,116.3,4096,0,73.1,happy,
10:00:23,80,24.5,70,111.2,4096,0,73.95,happy,
10:00:39,73,24.5,70,106.1,4096,0,79.05,happy,
10:00:55,70,24.5,70,101,4096,0,81.6,happy,
10:01:11,75,24.5,70,95.9,4096,0,79.9,happy,
10:01:27,71,24.6,70,121.4,4096,0,76.5,happy,
10:01:43,77,24.6,70,111.2,4096,0,75.65,happy,
10:01:59,74,24.6,70,111.2,4096,0,77.35,happy,
10:02:15,71,24.7,70,106.1,4096,0,79.9,happy,
10:02:31,78,24.7,70,101,4096,0,76.5,happy,
10:02:47,86,24.7,70.1,95.9,4096,0,64.6,happy,
10:03:03,84,24.7,70.2,95.9,4096,0,66.3,happy,
10:03:19,82,24.7,70.2,90.8,4096,0,68,happy,
10:03:35,80,24.6,70.2,90.8,4096,0,68.85,happy,
10:03:51,78,24.7,70.1,85.7,4096,0,71.4,happy,
10:04:07,77,24.6,70,85.7,4096,0,80.75,happy,
10:04:23,75,24.6,70.1,80.6,4096,0,73.95,happy,
10:04:39,74,24.5,70,80.6,4096,0,82.45,happy,
10:04:55,73,24.5,70,80.6,4096,0,83.3,happy,
10:05:11,72,24.4,70,80.6,4096,0,84.15,happy,
10:05:27,71,24.4,70,80.6,4096,0,84.15,happy,
10:05:43,71,24.3,70,75.5,4096,0,84.15,happy,
10:05:59,71,24.3,70,75.5,4096,0,84.15,happy,
10:06:15,70,24.4,70,75.5,4096,0,85,happy,
10:06:31,70,24.4,70,70.4,4096,0,85,happy,
10:06:47,69,24.4,70,70.4,4096,0,85,happy,
10:07:03,69,24.3,70,70.4,4096,0,85,happy,
10:07:19,68,24.3,70,70.4,4096,0,85,happy,
10:07:35,68,24.3,70,70.4,4096,0,85,happy,
10:07:51,67,24.3,70,70.4,4096,0,85,happy,
10:08:07,67,24.3,70,65.3,4096,0,85,happy,
10:08:23,98,24.3,70.1,70.4,4096,0,60.35,happy,
10:08:39,73,24.2,70,65.3,4096,0,83.3,happy,
10:08:55,79,24.2,70,65.3,4096,0,79.9,happy,
10:09:11,87,24.2,70,65.3,4096,0,75.65,happy,
10:09:27,85,24.3,70,90.8,4096,0,74.8,happy,
10:09:43,82,24.4,70,90.8,4096,0,76.5,happy,
10:09:59,80,24.5,70,85.7,4096,0,79.05,happy,
10:10:15,79,24.5,70,85.7,4096,0,79.05,happy,
10:10:31,78,24.5,70,85.7,4096,0,79.9,happy,
10:10:47,78,24.5,70,80.6,4096,0,80.75,happy,
10:11:03,77,24.5,70,80.6,4096,0,80.75,happy,
10:11:19,75,24.5,70,80.6,4096,0,82.45,happy,
10:11:35,74,24.6,70,75.5,4096,0,82.45,happy,
10:11:51,72,24.5,70,75.5,4096,0,84.15,happy,
10:12:07,72,24.5,70,75.5,4096,0,84.15,happy,
10:12:23,72,24.5,70,75.5,4096,0,84.15,happy,
10:12:39,72,24.5,70,75.5,4096,0,84.15,happy,
10:12:55,72,24.6,70,75.5,4096,0,84.15,happy,
10:13:11,71,24.6,70,70.4,4096,0,84.15,happy,
10:13:27,70,24.6,70,70.4,4096,0,85,happy,
10:13:43,75,24.6,70,70.4,4096,0,82.45,happy,
10:13:59,71,24.6,70,70.4,4096,0,84.15,happy,
10:14:15,68,24.6,70,70.4,4096,0,85,happy,
10:14:31,65,24.6,70,70.4,4096,0,85,happy,
10:14:47,62,24.6,70,70.4,4096,0,85,happy,
10:15:03,59,24.5,70,65.3,4096,0,85,happy,
10:15:19,56,24.5,70,70.4,4096,0,85,happy,
10:15:35,55,24.5,70.1,95.9,4096,0,73.95,happy,
10:15:51,85,24.5,70.1,95.9,4096,0,65.45,happy,
10:16:07,80,24.5,70,90.8,4096,0,77.35,happy,
10:16:23,76,24.5,70,90.8,4096,0,79.9,happy,
10:16:39,90,24.6,70,85.7,4096,0,73.1,happy,
10:16:55,90,24.5,70,85.7,4096,0,73.1,happy,
10:17:11,90,24.5,70,85.7,4096,0,73.1,happy,
10:17:27,90,24.5,70,80.6,4096,0,73.95,happy,
10:17:43,90,24.6,70,80.6,4096,0,73.95,happy,
10:17:59,90,24.6,70,80.6,4096,0,73.95,happy,
10:18:15,90,24.5,70,75.5,4096,0,73.95,happy,
10:18:31,90,24.5,70,75.5,4096,0,73.95,happy,
10:18:47,90,24.5,70,75.5,4096,0,73.95,happy,
10:19:03,75,24.4,70,75.5,4096,0,82.45,happy,
10:19:19,70,24.5,70,75.5,4096,0,85,happy,
10:19:35,76,24.4,70,70.4,4096,0,81.6,happy,
10:19:51,72,24.4,70,70.4,4096,0,84.15,happy,
10:20:07,79,24.4,70.1,70.4,4096,0,71.4,happy,
10:20:23,84,24.4,70,70.4,4096,0,77.35,happy,
10:20:39,81,24.5,70,70.4,4096,0,79.05,happy,
10:20:55,89,24.4,70,70.4,4096,0,73.95,happy,
10:21:11,86,24.3,70,70.4,4096,0,75.65,happy,
10:21:27,83,24.3,70,70.4,4096,0,77.35,happy,
10:21:43,82,24.3,70,65.3,4096,0,78.2,happy,
10:21:59,81,24.5,70,65.3,4096,0,79.05,happy,
10:22:15,79,24.4,70,65.3,4096,0,79.9,happy,
10:22:31,78,24.4,70,65.3,4096,0,80.75,happy,
10:22:47,77,24.4,70,65.3,4096,0,80.75,happy,
10:23:03,76,24.5,70,65.3,4096,0,81.6,happy,
10:23:19,75,24.3,70,65.3,4096,0,82.45,happy,
10:23:35,95,24.5,70,65.3,3820,0,70.55,happy,
10:23:51,95,24.7,70,65.3,3592,0,70.55,happy,
10:24:07,95,24.8,70,70.4,3286,0,70.55,happy,
10:24:23,95,24.9,70,70.4,3124,0,70.55,happy,
10:24:39,95,25,70,70.4,2953,0,70.55,happy,
10:24:55,133,25.1,70,70.4,2843,0,51,plain,
10:25:11,130,25.2,70,70.4,2671,0,51,plain,
10:25:27,126,25.3,70,70.4,2547,0,52.7,plain,
10:25:43,124,25.4,70,70.4,2399,0,53.55,plain,
10:25:59,140,25.4,70,70.4,2288,0,50.15,plain,
10:26:15,140,25.5,70,70.4,2281,0,50.15,plain,
10:26:31,140,25.5,70,70.4,2141,0,50.15,plain,
10:26:47,140,25.5,70,70.4,2056,0,50.15,plain,
10:27:03,136,25.6,70,70.4,2003,0,50.15,plain,
10:27:19,132,25.6,70,75.5,1978,0,41.65,plain,
10:27:35,128,25.7,70,75.5,1922,0,42.5,plain,
10:27:51,125,25.6,70,75.5,1927,0,44.2,plain,
10:28:07,122,25.7,70,75.5,1818,0,45.9,plain,
10:28:23,120,25.8,70.1,75.5,1730,0,37.4,plain,
10:28:39,117,25.8,70,75.5,1738,0,47.6,plain,
10:28:55,114,25.9,70.1,75.5,1633,0,40.8,plain,
10:29:11,140,25.9,70.1,75.5,1631,0,31.45,plain,
10:29:27,140,25.8,70,75.5,1591,0,40.8,plain,
10:29:43,140,25.9,70,75.5,1497,0,39.95,plain,
10:29:59,136,25.8,70,75.5,1460,0,40.8,plain,
10:30:15,131,25.8,70,75.5,1481,0,40.8,plain,
10:30:31,128,25.9,70,75.5,1505,0,41.65,plain,
10:30:47,125,26,70,75.5,1442,0,42.5,plain,
10:31:03,123,25.9,70,75.5,1476,0,44.2,plain,
10:31:19,120,25.9,70,75.5,1344,0,45.9,plain,
10:31:35,140,25.9,70,106.1,1374,0,35.7,plain,
10:31:51,140,25.9,70,101,1390,0,36.55,plain,
10:32:07,140,25.9,70,101,1427,0,36.55,plain,
10:32:23,137,25.9,70,95.9,1357,0,37.4,plain,
10:32:39,133,25.9,70,95.9,1429,0,37.4,plain,
10:32:55,129,26,70,95.9,1418,0,38.25,plain,
10:33:11,126,25.9,70,90.8,1442,0,40.8,plain,
10:33:27,124,26,70,90.8,1470,0,41.65,plain,
10:33:43,120,25.9,70,90.8,1450,0,44.2,plain,
10:33:59,119,26,70,85.7,1466,0,45.9,plain,
10:34:15,140,26,70,111.2,1443,0,34,plain,
10:34:31,140,25.9,70,111.2,1488,0,34.85,plain,
10:34:47,140,25.9,70,106.1,1503,0,35.7,plain,
10:35:03,137,26,70,101,1494,0,36.55,plain,
10:35:19,133,25.9,70.2,101,1466,0,28.05,stressed,
10:35:35,129,25.9,70.1,95.9,1438,0,29.75,plain,
10:35:51,126,26,70,95.9,1493,0,39.95,plain,
10:36:07,123,26,70.1,95.9,1504,0,33.15,plain,
10:36:23,120,26,70,90.8,1489,0,44.2,plain,
10:36:39,118,25.9,70.1,90.8,1503,0,36.55,plain,
10:36:55,115,25.9,70.3,90.8,1448,0,38.25,plain,
10:37:11,114,25.9,70.1,85.7,1474,0,39.95,plain,
10:37:27,112,25.9,70.1,85.7,1470,0,41.65,plain,
10:37:43,109,25.9,70.1,85.7,1561,0,43.35,plain,
10:37:59,108,26,70.1,85.7,1638,0,43.35,plain,
10:38:15,107,25.9,70.1,80.6,1620,0,45.05,plain,
10:38:31,105,25.8,70,80.6,1597,0,54.4,plain,
10:38:47,104,25.9,70,80.6,1558,0,55.25,plain,
10:39:03,103,26,70,80.6,1496,0,55.25,plain,
10:39:19,102,25.9,70,80.6,1498,0,56.1,plain,
10:39:35,101,26,70,80.6,1444,0,56.1,plain,
10:39:51,100,26,70,80.6,1477,0,56.95,happy,
10:40:07,100,26.1,70,80.6,1403,0,56.95,happy,
10:40:23,98,26.1,70,80.6,1470,0,57.8,happy,
10:40:39,98,25.9,70,80.6,1448,0,58.65,happy,
10:40:55,99,25.9,70,80.6,1465,0,57.8,happy,
10:41:11,98,25.9,70,75.5,1438,0,58.65,happy,
10:41:27,98,26,70,80.6,1495,0,57.8,happy,
10:41:43,99,26.1,70,75.5,1516,0,56.95,happy,
10:41:59,98,26,70,75.5,1510,0,57.8,happy,
10:42:15,132,25.9,70,75.5,1540,0,39.95,plain,
10:42:31,129,25.9,70,75.5,1484,0,40.8,plain,
10:42:47,126,26,70,75.5,1476,0,42.5,plain,
10:43:03,122,26,70,75.5,1452,0,44.2,plain,
10:43:19,119,26,70.1,75.5,1484,0,37.4,plain,
10:43:35,117,26,70.1,75.5,1506,0,39.1,plain,
10:43:51,115,25.9,70.2,75.5,1535,0,39.95,plain,
10:44:07,114,26,70.1,75.5,1536,0,40.8,plain,
10:44:23,112,26,70.3,75.5,1433,0,41.65,plain,
10:44:39,110,26,70.3,75.5,1468,0,42.5,plain,
10:44:55,108,25.9,70.4,75.5,1599,0,44.2,plain,
10:45:11,107,25.9,70.3,75.5,1600,0,45.05,plain,
10:45:27,106,25.9,70.3,75.5,1624,0,45.05,plain,
10:45:43,106,25.9,70.2,75.5,1646,0,45.05,plain,
10:45:59,105,25.9,70.2,75.5,1586,0,45.9,plain,
10:46:15,104,25.9,70,75.5,1536,0,55.25,plain,
10:46:31,103,25.9,70,75.5,1600,0,55.25,plain,
10:46:47,102,25.9,70,75.5,1600,0,56.1,plain,
10:47:03,133,25.9,70,75.5,1600,0,39.95,plain,
10:47:19,130,26,70,101,1575,0,36.55,plain,
10:47:35,127,26,70.1,101,1560,0,29.75,plain,
10:47:51,123,25.9,70.2,95.9,1588,0,33.15,plain,
10:48:07,120,25.9,70.2,95.9,1535,0,34.85,plain,
10:48:23,117,26,70.3,90.8,1589,0,37.4,plain,
10:48:39,115,25.9,70.1,90.8,1554,0,38.25,plain,
10:48:55,140,26,70.3,90.8,1553,0,29.75,plain,
10:49:11,140,26,70.5,85.7,1585,0,30.6,plain,
10:49:27,139,26.2,70.7,85.7,1724,0,29.75,plain,
10:49:43,134,26.1,70.7,85.7,1718,0,30.6,plain,
10:49:59,140,26.1,70.8,85.7,1684,0,30.6,plain,
10:50:15,140,25.9,70.5,85.7,1584,0,31.45,plain,
10:50:31,140,25.9,70.5,85.7,1652,0,31.45,plain,
10:50:47,140,25.9,70.5,80.6,1703,0,31.45,plain,
10:51:03,139,25.9,70.6,80.6,1665,0,31.45,plain,
10:51:19,135,25.9,70.4,80.6,1605,0,31.45,plain,
10:51:35,131,25.9,70.3,80.6,1615,0,31.45,plain,
10:51:51,140,25.8,70.2,80.6,1583,0,32.3,plain,
10:52:07,140,25.9,70.2,80.6,1503,0,31.45,plain,
10:52:23,140,25.8,70.3,80.6,1448,0,32.3,plain,
10:52:39,140,25.8,70.3,80.6,1372,0,32.3,plain,
10:52:55,139,25.8,70.2,80.6,1360,0,32.3,plain,
10:53:11,135,25.8,70.3,75.5,1371,0,32.3,plain,
10:53:27,132,25.8,70.3,75.5,1300,0,32.3,plain,
10:53:43,128,25.8,70.2,75.5,1318,0,33.15,plain,
10:53:59,124,25.8,70.4,75.5,1450,0,35.7,plain,
10:54:15,121,25.9,70.4,75.5,1322,0,36.55,plain,
10:54:31,118,25.9,70.4,75.5,1428,0,38.25,plain,
10:54:47,115,25.9,70.4,75.5,1453,0,39.95,plain,
10:55:03,112,25.9,70.6,75.5,1454,0,41.65,plain,
10:55:19,140,26,70.5,75.5,1471,0,31.45,plain,
10:55:35,136,25.9,70.3,75.5,1543,0,31.45,plain,
10:55:51,132,25.9,70.1,75.5,1580,0,31.45,plain,
10:56:07,128,25.9,70,75.5,1506,0,41.65,plain,
10:56:23,124,26,70,75.5,1508,0,43.35,plain,
10:56:39,121,25.9,70.1,75.5,1504,0,36.55,plain,
10:56:55,118,25.9,70,101,1408,0,43.35,plain,
10:57:11,117,25.9,70,101,1384,0,44.2,plain,
10:57:27,114,26,70.1,95.9,1311,0,38.25,plain,
10:57:43,113,26,70,95.9,1316,0,46.75,plain,
10:57:59,111,25.9,70,90.8,1321,0,49.3,plain,
10:58:15,109,25.9,70,90.8,1325,0,50.15,plain,
10:58:31,107,25.9,70,90.8,1292,0,51.85,plain,
10:58:47,106,25.9,70,85.7,1357,0,53.55,plain,
10:59:03,140,25.9,70,85.7,1321,0,39.95,plain,
10:59:19,135,26.1,70,85.7,1342,0,39.1,plain,
10:59:35,131,26.1,70,80.6,1355,0,39.95,plain,
10:59:51,140,26,70,80.6,1316,0,39.95,plain,
11:00:07,140,26,70,80.6,1314,0,39.95,plain,
11:00:23,140,26.1,70,80.6,1393,0,39.95,plain,
11:00:39,140,26.1,70,80.6,1412,0,39.95,plain,
11:00:55,138,26.1,70,80.6,1449,0,39.95,plain,
11:01:11,134,26,70.1,80.6,1528,0,31.45,plain,
11:01:27,129,26,70.2,75.5,1525,0,32.3,plain,
11:01:43,126,26,70.2,75.5,1589,0,34,plain,
11:01:59,123,26,70,75.5,1538,0,44.2,plain,
11:02:15,118,26,70,106.1,1642,0,42.5,plain,
11:02:31,116,26,70,126.5,1613,0,39.1,plain,
11:02:47,113,26,70,126.5,1637,0,40.8,plain,
11:03:03,111,25.9,70,126.5,1649,0,42.5,plain,
11:03:19,109,26,70.2,126.5,1666,0,34.85,plain,
11:03:35,108,26.1,70.1,126.5,1710,0,34.85,plain,
11:03:51,106,26,70.2,126.5,1757,0,36.55,plain,
11:04:07,106,26,70.2,126.5,1729,0,36.55,plain,
11:04:23,106,26,70.1,126.5,1688,0,36.55,plain,
11:04:39,105,26,70,121.4,1639,0,46.75,plain,
11:04:55,103,26,70,116.3,1607,0,48.45,plain,
11:05:11,102,26,70,116.3,1595,0,49.3,plain,
11:05:27,101,26,70,111.2,1631,0,51,plain,
11:05:43,101,26,70,106.1,1667,0,51.85,plain,
11:05:59,100,26,70,101,1640,0,53.55,plain,
11:06:15,100,25.9,70,101,1620,0,53.55,plain,
11:06:31,99,26,70,101,1602,0,53.55,plain,
11:06:47,100,26,70,95.9,1542,0,54.4,plain,
11:07:03,99,26,70,95.9,1465,0,55.25,plain,
11:07:19,98,26,70,90.8,1496,0,56.1,plain,
11:07:35,98,26.1,70,90.8,1482,0,56.1,plain,
11:07:51,98,26.1,70,121.4,1496,0,50.15,plain,
11:08:07,98,26.1,70,116.3,1544,0,51,plain,
11:08:23,97,26,70,111.2,1590,0,52.7,plain,
11:08:39,97,26,70,106.1,1651,0,54.4,plain,
11:08:55,97,26,70,106.1,1706,0,54.4,plain,
11:09:11,98,26,70,101,1711,0,54.4,plain,
11:09:27,97,26,70,101,1667,0,55.25,plain,
11:09:43,96,26,70,95.9,1688,0,56.95,happy,
11:09:59,97,26,70,95.9,1684,0,56.1,plain,
11:10:15,96,26,70,95.9,1577,0,56.95,happy,
11:10:31,97,26,70,90.8,1557,0,56.95,happy,
11:10:47,96,25.9,70,90.8,1556,0,57.8,happy,
11:11:03,96,25.9,70,90.8,1489,0,57.8,happy,
11:11:19,96,25.9,70,85.7,1499,0,58.65,happy,
11:11:35,94,25.9,70,85.7,1563,0,60.35,happy,
11:11:51,94,25.9,70,85.7,1580,0,60.35,happy,
11:12:07,94,26,70,85.7,1550,0,59.5,happy,
11:12:23,96,26,70,85.7,1604,0,58.65,happy,
11:12:39,96,26,70,85.7,1526,0,58.65,happy,
11:12:55,97,26,70,85.7,1498,0,57.8,happy,
11:13:11,97,25.9,70,80.6,1452,0,58.65,happy,
11:13:27,97,25.9,70,80.6,1458,0,58.65,happy,
11:13:43,97,25.9,70,80.6,1470,0,58.65,happy,
11:13:59,97,25.9,70,80.6,1446,0,58.65,happy,
11:14:15,97,25.9,70.1,80.6,1452,0,50.15,plain,
11:14:31,96,25.8,70,80.6,1424,0,59.5,happy,
11:14:47,96,25.8,70.1,80.6,1401,0,51,plain,
11:15:03,95,25.8,70,75.5,1395,0,60.35,happy,
11:15:19,96,25.7,70,75.5,1445,0,60.35,happy,
11:15:35,95,25.7,70,75.5,1397,0,61.2,happy,
11:15:51,134,25.7,70,75.5,1442,0,40.8,plain,
11:16:07,130,25.7,70,75.5,1495,0,40.8,plain,
11:16:23,127,25.8,70,75.5,1479,0,42.5,plain,
11:16:39,123,25.9,70,75.5,1538,0,44.2,plain,
11:16:55,120,25.9,70,75.5,1539,0,45.9,plain,
11:17:11,117,25.9,70,75.5,1548,0,47.6,plain,
11:17:27,115,25.9,70.2,75.5,1636,0,39.95,plain,
11:17:43,113,25.9,70.2,75.5,1591,0,41.65,plain,
11:17:59,111,26,70.3,75.5,1583,0,42.5,plain,
11:18:15,110,26,70.4,75.5,1616,0,42.5,plain,
11:18:31,109,25.9,70.4,75.5,1578,0,43.35,plain,
11:18:47,107,26,70.4,75.5,1599,0,44.2,plain,
11:19:03,139,26,70.4,75.5,1611,0,31.45,plain,
11:19:19,134,26,70.5,75.5,1600,0,31.45,plain,
11:19:35,129,25.9,70.5,75.5,1573,0,32.3,plain,
11:19:51,126,25.9,70.3,75.5,1635,0,34,plain,
11:20:07,123,25.8,70.1,75.5,1718,0,35.7,plain,
11:20:23,140,25.9,70.3,75.5,1701,0,31.45,plain,
11:20:39,140,26,70.2,75.5,1615,0,31.45,plain,
11:20:55,140,26,70.2,75.5,1630,0,31.45,plain,
11:21:11,139,26,70.2,75.5,1626,0,31.45,plain,
11:21:27,134,25.9,70.1,106.1,1649,0,27.2,stressed,
11:21:43,130,25.9,70.2,101,1614,0,28.05,stressed,
11:21:59,126,25.9,70.3,101,1575,0,30.6,plain,
11:22:15,123,25.9,70.3,95.9,1593,0,33.15,plain,
11:22:31,121,26,70.3,95.9,1573,0,34,plain,
11:22:47,119,26,70.3,95.9,1462,0,34.85,plain,
11:23:03,117,26,70.1,95.9,1471,0,36.55,plain,
11:23:19,115,25.9,70.2,90.8,1498,0,38.25,plain,
11:23:35,113,25.9,70.1,90.8,1549,0,39.95,plain,
11:23:51,111,25.9,70,85.7,1558,0,50.15,plain,
11:24:07,109,25.8,70,85.7,1567,0,51.85,plain,
11:24:23,107,25.9,70,85.7,1626,0,52.7,plain,
11:24:39,105,25.9,70.1,80.6,1597,0,45.9,plain,
11:24:55,104,25.8,70.1,80.6,1563,0,46.75,plain,
11:25:11,103,25.8,70.2,80.6,1540,0,47.6,plain,
11:25:27,138,25.8,70.3,80.6,1518,0,32.3,plain,
11:25:43,135,25.7,70.3,80.6,1576,0,32.3,plain,
11:25:59,132,25.8,70.2,80.6,1534,0,32.3,plain,
11:26:15,128,25.9,70.1,80.6,1553,0,33.15,plain,
11:26:31,124,25.9,70.2,80.6,1571,0,34.85,plain,
11:26:47,121,25.9,70.3,80.6,1584,0,36.55,plain,
11:27:03,119,26,70.2,75.5,1543,0,37.4,plain,
11:27:19,117,25.9,70.3,75.5,1574,0,39.1,plain,
11:27:35,114,25.8,70.3,75.5,1514,0,40.8,plain,
11:27:51,112,25.8,70.2,75.5,1498,0,42.5,plain,
11:28:07,110,25.8,70.1,75.5,1415,0,43.35,plain,
11:28:23,108,25.8,70.2,75.5,1490,0,44.2,plain,
11:28:39,140,25.9,70.1,75.5,1455,0,31.45,plain,
11:28:55,136,25.9,70.2,75.5,1521,0,31.45,plain,
11:29:11,132,26,70.1,75.5,1496,0,31.45,plain,
11:29:27,129,26,70,75.5,1524,0,40.8,plain,
11:29:43,124,26,70.1,75.5,1536,0,34.85,plain,
11:29:59,121,26,70.1,75.5,1437,0,36.55,plain,
11:30:15,118,26,70.1,75.5,1410,0,38.25,plain,
11:30:31,115,26,70.1,75.5,1335,0,39.95,plain,
11:30:47,113,26.1,70,75.5,1447,0,49.3,plain,
11:31:03,112,26,70.1,75.5,1495,0,41.65,plain,
11:31:19,110,26.2,70,75.5,1572,0,51,plain,
11:31:35,108,26.2,70,75.5,1537,0,51.85,plain,
11:31:51,107,26.1,70,106.1,1538,0,48.45,plain,
11:32:07,106,26.1,70,101,1512,0,49.3,plain,
11:32:23,105,26.2,70,101,1515,0,50.15,plain,
11:32:39,104,26.2,70,101,1517,0,50.15,plain,
11:32:55,103,26.2,70,95.9,1570,0,51.85,plain,
11:33:11,102,26.1,70,95.9,1563,0,52.7,plain,
11:33:27,101,26.1,70,95.9,1519,0,53.55,plain,
11:33:43,102,26.2,70,90.8,1592,0,53.55,plain,
11:33:59,101,26.1,70,90.8,1628,0,54.4,plain,
11:34:15,100,26.1,70,90.8,1571,0,55.25,plain,
11:34:31,100,26.1,70,85.7,1509,0,56.1,plain,
11:34:47,100,25.9,70,85.7,1541,0,56.95,happy,
11:35:03,100,25.9,70,85.7,1516,0,56.95,happy,
11:35:19,136,25.9,70,85.7,1504,0,39.95,plain,
11:35:35,131,26,70,111.2,1451,0,34,plain,
11:35:51,128,26,70,106.1,1489,0,36.55,plain,
11:36:07,125,26,70,101,1520,0,39.1,plain,
11:36:23,121,25.9,70,95.9,1444,0,42.5,plain,
11:36:39,119,25.9,70,95.9,1460,0,44.2,plain,
11:36:55,140,26,70,95.9,1558,0,37.4,plain,
11:37:11,140,26.1,70,90.8,1520,0,38.25,plain,
11:37:27,138,26,70,90.8,1607,0,38.25,plain,
11:37:43,134,26,70.1,90.8,1657,0,29.75,plain,
11:37:59,130,26,70,90.8,1618,0,38.25,plain,
11:38:15,127,26.1,70,85.7,1609,0,40.8,plain,
11:38:31,124,26.2,70,85.7,1638,0,41.65,plain,
11:38:47,120,26.2,70,85.7,1682,0,44.2,plain,
11:39:03,118,26.2,70.1,80.6,1641,0,37.4,plain,
11:39:19,116,26.2,70.1,80.6,1576,0,39.1,plain,
11:39:35,114,26.1,70.4,80.6,1559,0,39.95,plain,
11:39:51,112,26.1,70.4,80.6,1542,0,41.65,plain,
11:40:07,110,26,70.4,80.6,1462,0,42.5,plain,
11:40:23,107,26.1,70.4,80.6,1435,0,44.2,plain,
11:40:39,106,26,70.5,80.6,1487,0,45.05,plain,
11:40:55,105,26.1,70.5,80.6,1503,0,45.05,plain,
11:41:11,104,26.1,70.4,101,1461,0,42.5,plain,
11:41:27,103,26.1,70.5,101,1458,0,42.5,plain,
11:41:43,103,26.1,70.4,95.9,1448,0,44.2,plain,
11:41:59,135,26,70.3,95.9,1343,0,28.9,plain,
11:42:15,131,25.9,70.4,90.8,1395,0,29.75,plain,
11:42:31,127,25.9,70.3,90.8,1345,0,31.45,plain,
11:42:47,124,26,70.3,90.8,1378,0,33.15,plain,
11:43:03,121,26,70.2,85.7,1417,0,35.7,plain,
11:43:19,119,26.1,70.3,85.7,1416,0,36.55,plain,
11:43:35,117,26.1,70.4,85.7,1492,0,37.4,plain,
11:43:51,115,26.2,70.3,85.7,1493,0,38.25,plain,
11:44:07,113,26.2,70.1,80.6,1527,0,40.8,plain,
11:44:23,111,26.1,70.1,80.6,1489,0,41.65,plain,
11:44:39,140,26,70.3,80.6,1503,0,31.45,plain,
11:44:55,136,26.1,70.3,106.1,1432,0,26.35,stressed,
11:45:11,133,26.1,70.3,101,1383,0,27.2,stressed,
11:45:27,130,26,70.1,101,1397,0,28.05,stressed,
11:45:43,127,26,70.2,95.9,1427,0,30.6,plain,
11:45:59,123,26,70.1,95.9,1434,0,33.15,plain,
11:46:15,121,25.9,70,95.9,1468,0,42.5,plain,
11:46:31,118,26,70,90.8,1499,0,45.05,plain,
11:46:47,116,25.9,70,90.8,1402,0,46.75,plain,
11:47:03,115,26,70,85.7,1358,0,47.6,plain,
11:47:19,113,26.1,70,85.7,1332,0,48.45,plain,
11:47:35,111,26.1,70,85.7,1287,0,49.3,plain,
11:47:51,110,26.1,70,85.7,1221,0,50.15,plain,
11:48:07,108,26.1,70,80.6,1244,0,51.85,plain,
11:48:23,107,26,70,80.6,1221,0,52.7,plain,
11:48:39,105,26.1,70,80.6,1320,0,53.55,plain,
11:48:55,105,26.1,70,80.6,1267,0,53.55,plain,
11:49:11,102,26.1,70,80.6,1254,0,55.25,plain,
11:49:27,100,26,70,80.6,1287,0,56.95,happy,
11:49:43,100,25.9,70,111.2,1387,0,51.85,plain,
11:49:59,100,25.8,70,106.1,1388,0,52.7,plain,
11:50:15,99,25.8,70,106.1,1374,0,53.55,plain,
11:50:31,100,25.9,70.1,101,1369,0,45.05,plain,
11:50:47,98,25.9,70.2,101,1469,0,46.75,plain,
11:51:03,97,26,70.1,95.9,1438,0,47.6,plain,
11:51:19,97,25.9,70.2,95.9,1440,0,47.6,plain,
11:51:35,97,26,70.2,90.8,1421,0,48.45,plain,
11:51:51,96,26,70.1,121.4,1350,0,43.35,plain,
11:52:07,96,26,70.1,116.3,1456,0,44.2,plain,
11:52:23,95,26,70.3,111.2,1399,0,45.9,plain,
11:52:39,96,25.9,70.1,126.5,1420,0,42.5,plain,
11:52:55,131,25.9,70.1,126.5,1464,0,22.95,stressed,
11:53:11,128,25.9,70.1,121.4,1443,0,25.5,stressed,
11:53:27,124,26,70.1,116.3,1492,0,28.05,stressed,
11:53:43,121,26,70.2,111.2,1565,0,30.6,plain,
11:53:59,119,26,70.2,111.2,1461,0,32.3,plain,
11:54:15,140,26,70.1,106.1,1432,0,27.2,stressed,
11:54:31,140,26,70.1,101,1507,0,28.05,stressed,
11:54:47,140,26.1,70.1,101,1498,0,27.2,stressed,
11:55:03,135,26,70.4,95.9,1500,0,28.9,plain,
11:55:19,131,26,70.3,95.9,1554,0,28.9,plain,
11:55:35,127,25.9,70.3,95.9,1570,0,30.6,plain,
11:55:51,124,25.9,70.2,95.9,1595,0,32.3,plain,
11:56:07,121,25.9,70.2,90.8,1467,0,34.85,plain,
11:56:23,119,26,70.2,90.8,1408,0,35.7,plain,
11:56:39,117,25.9,70.2,90.8,1454,0,37.4,plain,
11:56:55,120,26.2,71,90.8,1718,0,34.85,plain,
11:57:11,118,26.5,72.1,121.4,1956,0,28.9,plain,
11:57:27,121,26.9,72.9,116.3,2170,0,35.7,plain,
11:57:43,121,27.1,73.6,116.3,2363,0,34.85,plain,
11:57:59,119,27.4,74.1,116.3,2536,0,34.85,plain,
11:58:15,119,27.5,74.8,116.3,2692,0,34.85,plain,
11:58:31,119,27.7,75.3,111.2,2832,0,34.85,plain,
11:58:47,117,27.8,75.7,111.2,2959,0,35.7,plain,
11:59:03,117,28,76.3,106.1,3073,0,35.7,plain,
11:59:19,118,28,76.7,106.1,3175,0,35.7,plain,
11:59:35,116,28.1,77,111.2,3267,0,34.85,plain,
11:59:51,117,28.3,77.3,106.1,3350,0,34.85,plain,
12:00:07,117,28.4,77.5,106.1,3425,0,34.85,plain,
12:00:23,116,28.5,77.7,106.1,3492,1,22.1,stressed,
12:00:39,117,28.5,78,106.1,3552,0,34,plain,
12:00:55,116,28.5,78.3,101,3606,0,35.7,plain,
12:01:11,117,28.6,78.5,101,3655,0,34.85,plain,
12:01:27,118,28.6,78.5,101,3699,1,21.25,stressed,
12:01:43,117,28.7,78.6,126.5,3739,1,17,stressed,
12:01:59,116,28.6,78.6,126.5,3775,1,17.85,stressed,
12:02:15,117,28.7,78.8,126.5,3807,1,17,stressed,
12:02:31,118,28.8,79,121.4,3836,1,17,stressed,
12:02:47,118,28.8,79.1,116.3,3862,1,17.85,stressed,
12:03:03,117,28.8,79.4,111.2,3885,1,19.55,stressed,
12:03:19,119,28.8,79.4,126.5,3906,1,15.3,stressed,
12:03:35,119,28.8,79.3,126.5,3925,1,15.3,stressed,
12:03:51,120,28.8,79.3,126.5,3942,1,14.45,stressed,
12:04:07,117,28.8,79.3,126.5,3958,1,16.15,stressed,
12:04:23,119,28.9,79.5,126.5,3972,1,15.3,stressed,
12:04:39,120,28.8,79.7,121.4,3984,1,16.15,stressed,
12:04:55,120,28.8,79.6,121.4,3995,1,16.15,stressed,
12:05:11,119,28.8,79.6,116.3,4005,1,17,stressed,
12:05:27,140,28.9,79.5,116.3,4014,1,11.05,stressed,
12:05:43,140,28.9,79.7,111.2,4023,1,11.9,stressed,
12:05:59,140,28.9,79.7,111.2,4030,1,11.9,stressed,
12:06:15,140,28.9,79.8,111.2,4036,1,11.9,stressed,
12:06:31,140,29,80,106.1,4042,1,12.75,stressed,
12:06:47,140,29,80,106.1,4048,1,12.75,stressed,
12:07:03,140,28.9,79.9,106.1,4053,1,12.75,stressed,
12:07:19,140,28.9,80.1,106.1,4057,1,12.75,stressed,
12:07:35,140,29,80.2,106.1,4061,1,12.75,stressed,
12:07:51,140,29,80.2,106.1,4064,1,12.75,stressed,
12:08:07,140,29.1,80.2,106.1,4068,1,12.75,stressed,
12:08:23,140,29.1,80.3,106.1,4070,1,12.75,stressed,
12:08:39,140,29.2,80.3,126.5,4073,1,8.5,stressed,
12:08:55,140,29.2,80.3,126.5,4075,1,8.5,stressed,
12:09:11,140,29.1,80.4,126.5,4077,1,8.5,stressed,
12:09:27,140,29,80.5,126.5,4079,1,8.5,stressed,
12:09:43,140,29,80.5,121.4,4081,1,9.35,stressed,
12:09:59,140,29.1,80.5,116.3,4082,1,10.2,stressed,
12:10:15,140,29,80.3,116.3,4084,1,10.2,stressed,
12:10:31,140,29.1,80.1,116.3,4085,0,22.95,stressed,
12:10:47,140,29.1,80.2,116.3,4086,0,22.95,stressed,
12:11:03,140,29.1,80.1,111.2,4087,0,23.8,stressed,
12:11:19,140,29,80,111.2,4088,0,23.8,stressed,
12:11:35,140,29,80.2,111.2,4089,1,11.05,stressed,
12:11:51,140,29,80,106.1,4089,1,12.75,stressed,
12:12:07,138,28.9,80,106.1,4090,1,12.75,stressed,
12:12:23,136,28.9,79.8,106.1,4091,1,12.75,stressed,
12:12:39,136,28.9,79.8,106.1,4091,1,12.75,stressed,
12:12:55,134,28.9,80,106.1,4092,1,12.75,stressed,
12:13:11,135,28.9,79.8,101,4092,1,13.6,stressed,
12:13:27,133,29,79.8,101,4093,1,13.6,stressed,
12:13:43,130,29,79.9,101,4093,1,13.6,stressed,
12:13:59,128,29,79.8,101,4093,1,14.45,stressed,
12:14:15,127,29,79.8,101,4093,1,15.3,stressed,
12:14:31,124,29,79.8,101,4094,1,17,stressed,
12:14:47,140,29,79.9,101,4094,1,13.6,stressed,
12:15:03,140,29.1,79.9,95.9,4094,1,14.45,stressed,
12:15:19,140,29.1,79.8,95.9,4094,1,14.45,stressed,
12:15:35,140,29,79.7,95.9,4095,1,14.45,stressed,
12:15:51,140,29,79.6,95.9,4095,1,14.45,stressed,
12:16:07,140,29,79.6,95.9,4095,1,14.45,stressed,
12:16:23,140,29,79.7,95.9,4095,1,14.45,stressed,
12:16:39,140,28.9,79.6,95.9,4095,1,14.45,stressed,
12:16:55,140,29,79.8,95.9,4095,1,14.45,stressed,
12:17:11,140,29,79.8,126.5,4095,1,8.5,stressed,
12:17:27,140,29,80.1,126.5,4095,1,8.5,stressed,
12:17:43,140,29,80.1,126.5,4095,1,8.5,stressed,
12:17:59,140,29,80.2,121.4,4095,1,9.35,stressed,
12:18:15,140,29,80.1,121.4,4095,1,9.35,stressed,
12:18:31,140,29,80.2,116.3,4096,1,10.2,stressed,
12:18:47,140,28.9,80.1,111.2,4096,1,11.9,stressed,
12:19:03,140,28.9,80.1,111.2,4096,1,11.9,stressed,
12:19:19,140,29,80,106.1,4096,1,12.75,stressed,
12:19:35,137,28.9,79.8,106.1,4096,1,12.75,stressed,
12:19:51,137,28.9,79.7,101,4096,1,13.6,stressed,
12:20:07,135,28.9,79.6,101,4096,1,13.6,stressed,
12:20:23,134,28.9,79.7,101,4096,1,13.6,stressed,
12:20:39,140,28.9,79.7,101,4096,1,13.6,stressed,
12:20:55,140,29,79.7,101,4096,1,13.6,stressed,
12:21:11,140,29.1,79.8,101,4096,1,13.6,stressed,
12:21:27,140,29.1,79.8,101,4096,1,13.6,stressed,
12:21:43,140,29,79.8,101,4096,1,13.6,stressed,
12:21:59,140,29.1,79.7,101,4096,1,13.6,stressed,
12:22:15,140,29.1,79.6,101,4096,1,13.6,stressed,
12:22:31,140,29.1,79.7,101,4096,1,13.6,stressed,
12:22:47,140,29.1,79.8,101,4096,1,13.6,stressed,
12:23:03,140,29.2,79.7,101,4096,1,13.6,stressed,
12:23:19,139,29.1,79.8,101,4096,1,13.6,stressed,
12:23:35,138,29.1,79.8,101,4096,1,13.6,stressed,
12:23:51,138,29.1,79.8,101,4096,1,13.6,stressed,
12:24:07,136,29.1,79.7,101,4096,1,13.6,stressed,
12:24:23,135,29.1,79.8,101,4096,1,13.6,stressed,
12:24:39,134,29.1,79.9,101,4096,1,13.6,stressed,
12:24:55,132,29.1,80,101,4096,1,13.6,stressed,
12:25:11,129,29,79.8,101,4096,0,26.35,stressed,
12:25:27,127,29,79.8,101,4096,1,15.3,stressed,
12:25:43,128,29,79.7,101,4096,1,14.45,stressed,
12:25:59,126,28.9,80,101,4096,1,16.15,stressed,
12:26:15,124,28.9,80.1,101,4096,0,29.75,plain,
12:26:31,124,28.9,80.2,95.9,4096,1,17.85,stressed,
12:26:47,124,28.9,80.2,95.9,4096,1,17.85,stressed,
12:27:03,123,28.9,80,95.9,4096,1,18.7,stressed,
12:27:19,121,28.9,80,95.9,4096,1,19.55,stressed,
12:27:35,120,29,80.1,95.9,4096,1,20.4,stressed,
12:27:51,119,29,80,95.9,4096,1,20.4,stressed,
12:28:07,119,29,80,95.9,4096,1,20.4,stressed,
12:28:23,119,29,79.9,95.9,4096,1,20.4,stressed,
12:28:39,120,29,80.1,95.9,4096,1,20.4,stressed,
12:28:55,121,29.1,80.2,95.9,4096,1,19.55,stressed,
12:29:11,121,29.1,80.1,95.9,4096,1,19.55,stressed,
12:29:27,120,29,80.2,90.8,4096,1,21.25,stressed,
12:29:43,120,29.1,80.1,126.5,4096,1,14.45,stressed,
12:29:59,140,28.9,80.1,121.4,4096,1,10.2,stressed,
12:30:15,140,28.9,80.1,116.3,4096,1,11.05,stressed,
12:30:31,140,28.9,80,116.3,4096,1,11.05,stressed,
12:30:47,140,28.9,80,116.3,4096,1,11.05,stressed,
12:31:03,140,28.9,79.8,111.2,4096,1,11.9,stressed,
12:31:19,138,29,79.8,111.2,4096,1,11.05,stressed,
12:31:35,140,29,79.8,111.2,4096,1,11.05,stressed,
12:31:51,140,29.1,79.9,111.2,4096,1,11.05,stressed,
12:32:07,140,29,79.8,106.1,4096,1,12.75,stressed,
12:32:23,140,29,79.8,106.1,4096,1,12.75,stressed,
12:32:39,140,28.9,79.8,101,4096,1,13.6,stressed,
12:32:55,140,28.9,79.8,101,4096,1,13.6,stressed,
12:33:11,140,28.9,80.1,101,4096,1,13.6,stressed,
12:33:27,140,28.9,80.2,101,4096,1,13.6,stressed,
12:33:43,138,28.9,80.2,101,4096,1,13.6,stressed,
12:33:59,140,28.9,80.1,101,4096,1,13.6,stressed,
12:34:15,140,28.8,80.1,101,4096,1,14.45,stressed,
12:34:31,140,28.9,80.1,101,4096,1,13.6,stressed,
12:34:47,140,28.9,80.1,101,4096,1,13.6,stressed,
12:35:03,140,28.8,80.1,101,4096,1,14.45,stressed,
12:35:19,140,28.8,80.1,101,4096,1,14.45,stressed,
12:35:35,140,28.8,79.9,101,4096,1,14.45,stressed,
12:35:51,140,28.9,79.8,101,4096,1,13.6,stressed,
12:36:07,140,28.9,79.7,101,4096,1,13.6,stressed,
12:36:23,140,28.9,79.8,101,4096,1,13.6,stressed,
12:36:39,140,28.9,79.8,101,4096,1,13.6,stressed,
12:36:55,138,28.9,79.8,101,4096,1,13.6,stressed,
12:37:11,135,28.9,79.9,101,4096,1,13.6,stressed,
12:37:27,135,29,79.8,101,4096,1,13.6,stressed,
12:37:43,134,28.9,79.9,106.1,4096,1,12.75,stressed,
12:37:59,131,29,79.9,106.1,4096,1,12.75,stressed,
12:38:15,129,28.8,80,101,4096,1,14.45,stressed,
12:38:31,140,28.9,80.1,101,4096,1,13.6,stressed,
12:38:47,140,28.8,80.2,95.9,4096,1,15.3,stressed,
12:39:03,140,28.9,80.1,126.5,4096,1,8.5,stressed,
12:39:19,140,28.9,80.1,126.5,4096,1,8.5,stressed,
12:39:35,140,28.8,80.2,126.5,4096,1,9.35,stressed,
12:39:51,140,28.8,80.2,121.4,4096,1,10.2,stressed,
12:40:07,140,28.8,80.2,121.4,4096,1,10.2,stressed,
12:40:23,140,28.7,80,126.5,4096,1,9.35,stressed,
12:40:39,139,28.7,79.9,126.5,4096,1,9.35,stressed,
12:40:55,136,28.8,79.9,126.5,4096,1,9.35,stressed,
12:41:11,135,28.8,80.1,126.5,4096,1,9.35,stressed,
12:41:27,140,28.9,80.1,126.5,4096,1,8.5,stressed,
12:41:43,140,28.9,80.1,126.5,4096,1,8.5,stressed,
12:41:59,140,28.9,80.2,126.5,4096,1,8.5,stressed,
12:42:15,140,29,80.1,126.5,4096,1,8.5,stressed,
12:42:31,140,29.1,80.1,126.5,4096,1,8.5,stressed,
12:42:47,140,29,80,126.5,4096,0,21.25,stressed,
12:43:03,140,29,80,126.5,4096,0,21.25,stressed,
12:43:19,140,29,80.1,126.5,4096,1,8.5,stressed,
12:43:35,140,29.1,80.3,121.4,4096,1,9.35,stressed,
12:43:51,140,29.1,80.2,126.5,4096,1,8.5,stressed,
12:44:07,138,29.1,80.2,121.4,4096,1,9.35,stressed,
12:44:23,139,29.2,80,116.3,4096,1,10.2,stressed,
12:44:39,138,29.1,80.2,116.3,4096,1,10.2,stressed,
12:44:55,136,29.1,80.2,111.2,4096,1,11.05,stressed,
12:45:11,133,29.1,80.1,111.2,4096,1,11.05,stressed,
12:45:27,133,29.2,80.2,111.2,4096,1,11.05,stressed,
12:45:43,132,29.1,80.1,111.2,4096,1,11.05,stressed,
12:45:59,132,29.1,80,111.2,4096,1,11.05,stressed,
12:46:15,133,29.1,79.9,106.1,4096,1,12.75,stressed,
12:46:31,131,29.1,79.9,106.1,4096,1,12.75,stressed,
12:46:47,130,29.1,80,106.1,4096,1,12.75,stressed,
12:47:03,130,29.1,79.9,126.5,4096,1,8.5,stressed,
12:47:19,129,29.1,80,121.4,4096,1,10.2,stressed,
12:47:35,127,29.1,80,121.4,4096,1,11.05,stressed,
12:47:51,126,29.1,80,121.4,4096,1,11.9,stressed,
12:48:07,126,29.1,79.9,121.4,4096,1,11.9,stressed,
12:48:23,125,29.1,79.8,116.3,4096,1,13.6,stressed,
12:48:39,124,29.1,79.6,116.3,4096,1,13.6,stressed,
12:48:55,122,29.1,79.5,111.2,4096,1,16.15,stressed,
12:49:11,120,29.1,79.6,111.2,4096,1,17,stressed,
12:49:27,120,29,79.7,111.2,4096,1,17,stressed,
12:49:43,121,28.9,79.7,106.1,4096,1,17.85,stressed,
12:49:59,120,28.9,79.7,106.1,4096,1,18.7,stressed,
12:50:15,120,28.8,79.7,106.1,4096,1,18.7,stressed,
12:50:31,121,28.9,79.7,101,4096,1,18.7,stressed,
12:50:47,122,28.9,79.9,101,4096,1,18.7,stressed,
12:51:03,122,28.9,79.9,106.1,4096,1,17,stressed,
12:51:19,121,28.9,79.9,126.5,4096,1,13.6,stressed,
12:51:35,120,28.9,80,126.5,4096,1,14.45,stressed,
12:51:51,119,29,80,126.5,4096,1,14.45,stressed,
12:52:07,119,29,80.1,126.5,4096,1,14.45,stressed,
12:52:23,117,29,80,126.5,4096,1,16.15,stressed,
12:52:39,118,28.9,80,121.4,4096,1,17,stressed,
12:52:55,118,28.8,80,116.3,4096,1,17.85,stressed,
12:53:11,117,28.8,79.9,116.3,4096,1,18.7,stressed,
12:53:27,116,28.7,79.9,116.3,4096,1,19.55,stressed,
12:53:43,117,28.8,79.8,111.2,4096,1,19.55,stressed,
12:53:59,117,28.8,80,111.2,4096,1,19.55,stressed,
12:54:15,116,28.9,80.2,111.2,4096,1,19.55,stressed,
12:54:31,117,28.9,80.3,126.5,4096,1,16.15,stressed,
12:54:47,117,28.8,80.4,126.5,4096,1,16.15,stressed,
12:55:03,115,28.9,80.5,126.5,4096,1,17,stressed,
12:55:19,116,28.9,80.5,126.5,4096,1,17,stressed,
12:55:35,119,28.9,80.5,126.5,4096,1,15.3,stressed,
12:55:51,118,28.9,80.5,126.5,4096,1,15.3,stressed,
12:56:07,119,29,80.4,126.5,4096,1,14.45,stressed,
12:56:23,118,29,80.2,126.5,4096,1,15.3,stressed,
12:56:39,118,29,80,126.5,4096,1,15.3,stressed,
12:56:55,117,29.1,79.9,126.5,4096,1,16.15,stressed,
12:57:11,115,29.1,80,126.5,4096,1,17,stressed,
12:57:27,117,29.1,80,121.4,4096,1,17,stressed,
12:57:43,117,29.1,80,121.4,4096,1,17,stressed,
12:57:59,115,29,80.1,126.5,4096,1,17,stressed,
12:58:15,116,29.1,80.3,126.5,4096,1,16.15,stressed,
12:58:31,116,29,80.4,126.5,4096,1,16.15,stressed,
12:58:47,116,29,80.3,126.5,4096,1,16.15,stressed,
12:59:03,117,29.1,80.3,126.5,4096,1,16.15,stressed,
12:59:19,117,29.1,80.2,126.5,4096,1,16.15,stressed,
12:59:35,117,29.1,80.3,126.5,4096,1,16.15,stressed,
12:59:51,118,29.1,80.1,121.4,4096,1,16.15,stressed,
13:00:07,119,29.1,80,121.4,4096,1,15.3,stressed,
13:00:23,119,29.1,79.9,116.3,4096,1,17,stressed,
13:00:39,119,29.1,80.1,116.3,4096,1,17,stressed,
13:00:55,120,29.1,80.1,111.2,4096,1,17,stressed,
13:01:11,140,29,80.1,111.2,4096,0,23.8,stressed,
13:01:27,140,29,80.2,111.2,4096,0,23.8,stressed,
13:01:43,140,29,80,106.1,4096,1,12.75,stressed,
13:01:59,140,29.1,80.1,106.1,4096,0,25.5,stressed,
13:02:15,140,29.1,80,106.1,4096,0,25.5,stressed,
13:02:31,140,29.1,80.2,106.1,4096,1,12.75,stressed,
13:02:47,138,29.2,80.3,101,4096,1,13.6,stressed,
13:03:03,138,29.1,80.5,101,4096,1,13.6,stressed,
13:03:19,135,29.2,80.3,101,4096,1,13.6,stressed,
13:03:35,132,29.2,80.3,101,4096,1,13.6,stressed,
13:03:51,130,29.1,80.4,101,4096,1,13.6,stressed,
13:04:07,130,29,80.5,101,4096,1,13.6,stressed,
13:04:23,130,29,80.4,101,4096,1,13.6,stressed,
13:04:39,128,29,80.6,101,4096,1,14.45,stressed,
13:04:55,127,29,80.3,101,4096,1,15.3,stressed,
13:05:11,125,29,80.4,101,4096,1,16.15,stressed,
13:05:27,140,29.1,80.3,126.5,4096,1,8.5,stressed,
13:05:43,140,29,80.2,121.4,4096,1,9.35,stressed,
13:05:59,140,29,80.1,116.3,4096,1,10.2,stressed,
13:06:15,140,29,80,116.3,4096,1,10.2,stressed,
13:06:31,140,29.1,80.2,111.2,4096,1,11.05,stressed,
13:06:47,140,29,80,111.2,4096,1,11.05,stressed,
13:07:03,140,29,80.1,106.1,4096,1,12.75,stressed,
13:07:19,140,29.1,80.2,101,4096,1,13.6,stressed,
13:07:35,138,29.1,80.1,101,4096,1,13.6,stressed,
13:07:51,136,29.1,79.9,106.1,4096,1,12.75,stressed,
13:08:07,134,29.2,80,106.1,4096,1,12.75,stressed,
13:08:23,133,29.1,79.9,101,4096,1,13.6,stressed,
13:08:39,131,29,79.9,101,4096,1,13.6,stressed,
13:08:55,129,29.1,79.9,101,4096,1,13.6,stressed,
13:09:11,129,29.1,79.7,101,4096,1,13.6,stressed,
13:09:27,128,29.1,79.8,101,4096,1,14.45,stressed,
13:09:43,125,29.1,79.7,101,4096,1,16.15,stressed,
13:09:59,124,29,79.8,101,4096,1,17,stressed,
13:10:15,126,29.1,79.8,95.9,4096,1,17,stressed,
13:10:31,126,29.1,79.8,101,4096,1,15.3,stressed,
13:10:47,125,29,79.7,101,4096,1,16.15,stressed,
13:11:03,126,29.1,79.9,101,4096,1,15.3,stressed,
13:11:19,125,29.1,79.8,101,4096,1,16.15,stressed,
13:11:35,125,29.1,79.8,101,4096,1,16.15,stressed,
13:11:51,126,29.2,79.6,101,4096,1,15.3,stressed,
13:12:07,125,29.2,79.6,101,4096,1,16.15,stressed,
13:12:23,123,29.2,79.3,101,4096,1,17,stressed,
13:12:39,123,29.2,79.2,101,4096,1,17,stressed,
13:12:55,122,29.2,79.3,101,4096,1,17.85,stressed,
13:13:11,140,29.1,79.5,101,4096,1,13.6,stressed,
13:13:27,140,29.2,79.7,126.5,4096,1,8.5,stressed,
13:13:43,140,29.2,79.6,126.5,4096,1,8.5,stressed,
13:13:59,140,29.1,79.6,126.5,4096,1,8.5,stressed,
13:14:15,140,29.1,79.5,126.5,4096,1,8.5,stressed,
13:14:31,140,29.1,79.5,126.5,4096,1,8.5,stressed,
13:14:47,140,29.1,79.6,126.5,4096,1,8.5,stressed,
13:15:03,137,29.2,79.6,126.5,4096,1,8.5,stressed,
13:15:19,136,29.1,79.6,121.4,4096,1,9.35,stressed,
13:15:35,132,29.1,79.7,121.4,4096,1,9.35,stressed,
13:15:51,132,29,79.8,121.4,4096,1,9.35,stressed,
13:16:07,132,29.1,79.8,116.3,4096,1,10.2,stressed,
13:16:23,130,29.1,79.8,116.3,4096,1,10.2,stressed,
13:16:39,130,29,80,116.3,4096,1,10.2,stressed,
13:16:55,129,29,80.1,111.2,4096,1,11.9,stressed,
13:17:11,126,29,80.3,111.2,4096,1,13.6,stressed,
13:17:27,124,29,80.2,111.2,4096,1,14.45,stressed,
13:17:43,125,29,80,106.1,4096,1,15.3,stressed,
13:17:59,125,29,80,106.1,4096,1,15.3,stressed,
13:18:15,126,28.9,80,106.1,4096,1,15.3,stressed,
13:18:31,125,29,80,106.1,4096,1,15.3,stressed,
13:18:47,125,29.1,80.2,106.1,4096,1,15.3,stressed,
13:19:03,123,29.1,80.1,106.1,4096,1,16.15,stressed,
13:19:19,123,29.1,80.1,106.1,4096,1,16.15,stressed,
13:19:35,123,29,80.1,101,4096,1,17,stressed,
13:19:51,124,28.9,80,106.1,4096,1,16.15,stressed,
13:20:07,125,28.9,80,101,4096,1,17,stressed,
13:20:23,123,29,80.1,106.1,4096,1,16.15,stressed,
13:20:39,122,29,79.9,126.5,4096,1,12.75,stressed,
13:20:55,122,29.1,79.9,126.5,4096,1,12.75,stressed,
13:21:11,121,29.1,79.9,126.5,4096,1,13.6,stressed,
13:21:27,122,29.1,80.1,121.4,4096,1,13.6,stressed,
13:21:43,123,29,80,121.4,4096,1,13.6,stressed,
13:21:59,122,29,80,116.3,4096,1,15.3,stressed,
13:22:15,122,29.1,80.1,116.3,4096,1,15.3,stressed,
13:22:31,121,29,79.8,111.2,4096,1,16.15,stressed,
13:22:47,140,29,79.8,111.2,4096,1,11.05,stressed,
13:23:03,140,29.1,79.9,111.2,4096,1,11.05,stressed,
13:23:19,140,29.1,79.9,106.1,4096,1,12.75,stressed,
13:23:35,140,29.2,79.9,106.1,4096,1,12.75,stressed,
13:23:51,140,29.1,79.8,106.1,4096,1,12.75,stressed,
13:24:07,140,29.2,79.8,106.1,4096,1,12.75,stressed,
13:24:23,140,29.1,79.9,106.1,4096,1,12.75,stressed,
13:24:39,140,29.1,79.9,106.1,4096,1,12.75,stressed,
13:24:55,140,29.1,79.8,101,4096,1,13.6,stressed,
13:25:11,140,29.2,79.7,101,4096,1,13.6,stressed,
13:25:27,140,29.2,79.8,101,4096,1,13.6,stressed,
13:25:43,140,29.2,79.6,101,4096,1,13.6,stressed,
13:25:59,140,29.2,79.8,101,4096,1,13.6,stressed,
13:26:15,140,29.1,79.8,101,4096,1,13.6,stressed,
13:26:31,140,29.1,80,95.9,4096,1,14.45,stressed,
13:26:47,140,29,80,95.9,4096,0,27.2,stressed,
13:27:03,140,29,80,95.9,4096,1,14.45,stressed,
13:27:19,140,29,79.9,95.9,4096,1,14.45,stressed,
13:27:35,140,29,79.9,95.9,4096,1,14.45,stressed,
13:27:51,140,28.9,79.7,95.9,4096,1,14.45,stressed,
13:28:07,140,28.9,79.9,95.9,4096,1,14.45,stressed,
13:28:23,140,28.9,79.8,95.9,4096,1,14.45,stressed,
13:28:39,140,28.8,79.7,95.9,4096,1,15.3,stressed,
13:28:55,140,28.8,79.8,95.9,4096,1,15.3,stressed,
13:29:11,140,28.8,79.8,95.9,4096,1,15.3,stressed,
13:29:27,138,28.9,79.8,95.9,4096,1,14.45,stressed,
13:29:43,137,28.9,79.9,95.9,4096,1,14.45,stressed,
13:29:59,134,28.9,79.9,95.9,4096,1,14.45,stressed,
13:30:15,130,28.6,79,95.9,3901,1,16.15,plain,
13:30:31,126,28.3,78.2,90.8,3728,1,20.4,stressed,
13:30:47,123,28.1,77.3,90.8,3592,0,34.85,plain,
13:31:03,120,27.8,76.6,85.7,3413,0,39.1,plain,
13:31:19,117,27.6,76,85.7,3208,0,40.8,plain,
13:31:35,115,27.5,75.4,85.7,2989,0,42.5,plain,
13:31:51,113,27.4,75,85.7,2748,0,44.2,plain,
13:32:07,111,27.3,74.5,80.6,2628,0,45.9,plain,
13:32:23,110,27.1,73.9,80.6,2569,0,47.6,plain,
13:32:39,109,27,73.8,80.6,2407,0,48.45,plain,
13:32:55,140,26.8,73.5,80.6,2374,0,37.4,plain,
13:33:11,140,26.9,73.1,80.6,2296,0,36.55,plain,
13:33:27,136,26.8,72.9,80.6,2247,0,37.4,plain,
13:33:43,132,26.6,72.4,80.6,2161,0,38.25,plain,
13:33:59,130,26.6,72.2,80.6,2071,0,38.25,plain,
13:34:15,126,26.5,72.1,80.6,2026,0,40.8,plain,
13:34:31,123,26.4,72,80.6,1901,0,34,plain,
13:34:47,120,26.4,71.8,80.6,1960,0,35.7,plain,
13:35:03,117,26.3,71.8,80.6,1817,0,37.4,plain,
13:35:19,115,26.3,71.7,80.6,1749,0,39.1,plain,
13:35:35,113,26.4,71.5,80.6,1658,0,39.95,plain,
13:35:51,111,26.3,71.4,80.6,1651,0,40.8,plain,
13:36:07,110,26.2,71.3,75.5,1652,0,42.5,plain,
13:36:23,108,26.2,71.3,75.5,1643,0,43.35,plain,
13:36:39,106,26.1,71.3,75.5,1674,0,45.05,plain,
13:36:55,105,26.1,70.8,75.5,1660,0,45.05,plain,
13:37:11,103,26.1,70.7,101,1586,0,42.5,plain,
13:37:27,103,26,70.7,101,1622,0,43.35,plain,
13:37:43,102,26,70.6,95.9,1644,0,45.05,plain,
13:37:59,101,25.9,70.6,95.9,1685,0,45.9,plain,
13:38:15,101,26,70.6,90.8,1687,0,45.9,plain,
13:38:31,100,26,70.6,90.8,1642,0,46.75,plain,
13:38:47,99,26,70.5,90.8,1579,0,47.6,plain,
13:39:03,98,25.9,70.6,85.7,1571,0,49.3,plain,
13:39:19,99,25.9,70.5,85.7,1636,0,48.45,plain,
13:39:35,98,25.9,70.2,85.7,1612,0,49.3,plain,
13:39:51,98,26,70.2,85.7,1670,0,49.3,plain,
13:40:07,97,26,70.2,85.7,1683,0,49.3,plain,
13:40:23,97,26,70,80.6,1776,0,58.65,happy,
13:40:39,96,26,70,80.6,1797,0,59.5,happy,
13:40:55,96,26,70,80.6,1890,0,59.5,happy,
13:41:11,96,26.1,70,80.6,1859,0,58.65,happy,
13:41:27,96,26,70,80.6,1829,0,59.5,happy,
13:41:43,96,26,70,80.6,1798,0,59.5,happy,
13:41:59,134,26,70,80.6,1727,0,39.95,plain,
13:42:15,130,26,70,80.6,1729,0,39.95,plain,
13:42:31,126,26,70,80.6,1781,0,42.5,plain,
13:42:47,123,25.9,70,80.6,1794,0,44.2,plain,
13:43:03,121,25.9,70,80.6,1805,0,45.05,plain,
13:43:19,118,25.8,70,80.6,1768,0,47.6,plain,
