timestamp,bpm,temperature,humidity,noise,ldr,in_motion,happiness_score,emotion
9:03:35,64,26.5,70,3,4096,0,100,happy
9:03:51,64,26.5,70,3,4096,0,100,happy
9:04:07,64,26.4,70,3,4096,0,100,happy
9:04:23,64,26.5,70,3,4096,0,100,happy
9:04:39,64,26.5,70.1,3,4096,0,90,happy
9:04:55,64,26.6,70,3,4096,0,100,happy
9:05:11,65,26.5,70,3,4096,0,100,happy
9:05:27,64,26.6,70,3,4096,0,100,happy
9:05:43,65,26.6,70,3,4096,0,100,happy
9:05:59,65,26.5,70,3,4096,0,100,happy
9:06:15,65,26.4,70,3,4096,0,100,happy
9:06:31,70,26.5,70,3,4096,0,100,happy
9:06:47,67,26.5,70,3,4096,0,100,happy
9:07:03,63,26.4,70,3,4096,0,100,happy
9:07:19,69,26.4,70,3,4096,0,100,happy
9:07:35,66,26.4,70,3,4096,0,100,happy
9:07:51,64,26.4,70,3,4096,0,100,happy
9:08:07,62,26.3,70,3,4096,0,100,happy
9:08:23,61,26.3,70,3,4096,0,100,happy
9:08:39,69,26.3,70,3,4096,0,100,happy
9:08:55,68,26.5,70,3,4096,0,100,happy
9:09:11,67,26.5,70,3,4096,0,100,happy
9:09:27,65,26.5,70,3,4096,0,100,happy
9:09:43,64,26.4,70,3,4096,0,100,happy
9:09:59,63,26.3,70,3,4096,0,100,happy
9:10:15,61,26.3,70,3,4096,0,100,happy
9:10:31,66,26.4,70,3,4096,0,100,happy
9:10:47,63,26.4,70,3,4096,0,100,happy
9:11:03,68,26.5,70,3,4096,0,100,happy
9:11:19,65,26.5,70,3,4096,0,100,happy
9:11:35,62,26.5,70,3,4096,0,100,happy
9:11:51,70,26.5,70,3,4096,0,100,happy
9:12:07,67,26.5,70,3,4096,0,100,happy
9:12:23,65,26.5,70,3,4096,0,100,happy
9:12:39,63,26.5,70,9,4096,0,97,happy
9:12:55,61,26.5,70,9,4096,0,97,happy
9:13:11,69,26.5,70,8,4096,0,98,happy
9:13:27,68,26.6,70,7,4096,0,99,happy
9:13:43,67,26.5,70,7,4096,0,99,happy
9:13:59,66,26.5,70,7,4096,0,99,happy
9:14:15,65,26.6,70,6,4096,0,100,happy
9:14:31,64,26.6,70,6,4096,0,100,happy
9:14:47,73,26.6,70,12,4096,0,91,happy
9:15:03,72,26.6,70,11,4096,0,93,happy
9:15:19,71,26.6,70,10,4096,0,95,happy
9:15:35,70,26.5,70,9,4096,0,97,happy
9:15:51,69,26.4,70.1,9,4096,0,87,happy
9:16:07,69,26.4,70,8,4096,0,98,happy
9:16:23,69,26.5,70,7,4096,0,99,happy
9:16:39,68,26.6,70,7,4096,0,99,happy
9:16:55,69,26.5,70,6,4096,0,100,happy
9:17:11,69,26.6,70.1,6,4096,0,90,happy
9:17:27,68,26.5,70.2,6,4096,0,90,happy
9:17:43,68,26.5,70.2,5,4096,0,90,happy
9:17:59,68,26.5,70.3,5,4096,0,90,happy
9:18:15,68,26.6,70.2,5,4096,0,90,happy
9:18:31,67,26.5,70,5,4096,0,100,happy
9:18:47,67,26.5,70,5,4096,0,100,happy
9:19:03,65,26.6,70,4,4096,0,100,happy
9:19:19,66,26.6,70,4,4096,0,100,happy
9:19:35,65,26.6,70,4,4096,0,100,happy
9:19:51,66,26.6,70.1,4,4096,0,90,happy
9:20:07,66,26.6,70,4,4096,0,100,happy
9:20:23,65,26.6,70,4,4096,0,100,happy
9:20:39,66,26.5,70,4,4096,0,100,happy
9:20:55,66,26.5,70,4,4096,0,100,happy
9:21:11,75,26.5,70,4,4096,0,97,happy
9:21:27,71,26.4,70,3,4096,0,99,happy
9:21:43,68,26.4,70,4,4096,0,100,happy
9:21:59,65,26.3,70,3,4096,0,100,happy
9:22:15,62,26.3,70,3,4096,0,100,happy
9:22:31,59,26.3,70,3,4096,0,100,happy
9:22:47,57,26.3,70,3,4096,0,100,happy
9:23:03,56,26.3,70,3,4096,0,100,happy
9:23:19,54,26.4,70,3,4096,0,100,happy
9:23:35,52,26.4,70.1,3,4096,0,90,happy
9:23:51,84,26.4,70.1,3,4096,0,81,happy
9:24:07,79,26.4,70,3,4096,0,94,happy
9:24:23,75,26.5,70,3,4096,0,97,happy
9:24:39,72,26.4,70.2,3,4096,0,89,happy
9:24:55,67,26.4,70.2,3,4096,0,90,happy
9:25:11,64,26.4,70.1,3,4096,0,90,happy
9:25:27,72,26.4,70,3,4096,0,99,happy
9:25:43,70,26.3,70,3,4096,0,100,happy
9:25:59,77,26.3,70,3,4096,0,95,happy
9:26:15,85,26.4,70,3,4096,0,90,happy
9:26:31,83,26.3,70,8,4096,0,89,happy
9:26:47,80,26.3,70,8,4096,0,91,happy
9:27:03,77,26.4,70,7,4096,0,95,happy
9:27:19,76,26.4,70,7,4096,0,95,happy
9:27:35,74,26.4,70,6,4096,0,97,happy
9:27:51,73,26.4,70,6,4096,0,98,happy
9:28:07,73,26.5,70,6,4096,0,98,happy
9:28:23,72,26.5,70,5,4096,0,99,happy
9:28:39,72,26.6,70,5,4096,0,99,happy
9:28:55,70,26.6,70,5,4096,0,100,happy
9:29:11,70,26.6,70,5,4096,0,100,happy
9:29:27,70,26.6,70,4,4096,0,100,happy
9:29:43,70,26.6,70,4,4096,0,100,happy
9:29:59,69,26.5,70,4,4096,0,100,happy
9:30:15,69,26.5,70.1,4,4096,0,90,happy
9:30:31,68,26.5,70.2,4,4096,0,90,happy
9:30:47,68,26.6,70.2,4,4096,0,90,happy
9:31:03,67,26.6,70.2,4,4096,0,90,happy
9:31:19,66,26.5,70.3,9,4096,0,87,happy
9:31:35,66,26.5,70.2,8,4096,0,88,happy
9:31:51,66,26.5,70.3,8,4096,0,88,happy
9:32:07,67,26.5,70.1,14,4096,0,81,happy
9:32:23,66,26.5,70.1,13,4096,0,82,happy
9:32:39,66,26.6,70.3,12,4096,0,83,happy
9:32:55,66,26.6,70.2,11,4096,0,85,happy
9:33:11,67,26.5,70.4,10,4096,0,86,happy
9:33:27,67,26.5,70.6,10,4096,0,86,happy
9:33:43,98,26.5,70.7,9,4096,0,68,happy
9:33:59,120,26.3,70.6,8,4096,0,55,plain
9:34:15,120,26.2,70.6,8,4096,0,55,plain
9:34:31,120,26.4,70.5,8,4096,0,55,plain
9:34:47,115,26.4,70.4,14,4096,0,51,plain
9:35:03,110,26.5,70.5,13,4096,0,56,plain
9:35:19,106,26.5,70.7,12,4096,0,59,plain
9:35:35,103,26.6,70.7,11,4096,0,63,plain
9:35:51,99,26.6,70.5,11,4096,0,65,plain
9:36:07,95,26.6,70.5,10,4096,0,69,happy
9:36:23,92,26.6,70.5,9,4096,0,72,happy
9:36:39,90,26.5,70.5,8,4096,0,75,happy
9:36:55,88,26.5,70.6,8,4096,0,76,happy
9:37:11,86,26.5,70.5,7,4096,0,79,happy
9:37:27,84,26.6,70.4,7,4096,0,80,happy
9:37:43,83,26.5,70.6,7,4096,0,81,happy
9:37:59,81,26.4,70.4,6,4096,0,83,happy
9:38:15,80,26.4,70.4,6,4096,0,83,happy
9:38:31,79,26.5,70.3,6,4096,0,84,happy
9:38:47,77,26.5,70.2,6,4096,0,85,happy
9:39:03,76,26.4,70.2,5,4096,0,86,happy
9:39:19,74,26.4,70.1,5,4096,0,87,happy
9:39:35,74,26.4,70.2,5,4096,0,87,happy
9:39:51,73,26.4,70.1,5,4096,0,88,happy
9:40:07,72,26.4,70,5,4096,0,99,happy
9:40:23,71,26.4,70,4,4096,0,99,happy
9:40:39,71,26.4,70,4,4096,0,99,happy
9:40:55,69,26.4,70,4,4096,0,100,happy
9:41:11,69,26.5,70,4,4096,0,100,happy
9:41:27,68,26.5,70,4,4096,0,100,happy
9:41:43,68,26.5,70.1,4,4096,0,90,happy
9:41:59,67,26.5,70,4,4096,0,100,happy
9:42:15,67,26.4,70,4,4096,0,100,happy
9:42:31,66,26.4,70.1,4,4096,0,90,happy
9:42:47,66,26.4,70.1,4,4096,0,90,happy
9:43:03,66,26.4,70.2,4,4096,0,90,happy
9:43:19,66,26.3,70.2,3,4096,0,90,happy
9:43:35,66,26.4,70.2,4,4096,0,90,happy
9:43:51,66,26.5,70.2,3,4096,0,90,happy
9:44:07,66,26.5,70,3,4096,0,100,happy
9:44:23,66,26.6,70,3,4096,0,100,happy
9:44:39,66,26.6,70,3,4096,0,100,happy
9:44:55,66,26.6,70,3,4096,0,100,happy
9:45:11,65,26.5,70,3,4096,0,100,happy
9:45:27,65,26.6,70,3,4096,0,100,happy
9:45:43,65,26.6,70,9,4096,0,97,happy
9:45:59,65,26.5,70.1,8,4096,0,88,happy
9:46:15,65,26.6,70,8,4096,0,98,happy
9:46:31,65,26.6,70.1,7,4096,0,89,happy
9:46:47,66,26.6,70.1,7,4096,0,89,happy
9:47:03,65,26.5,70.2,7,4096,0,89,happy
9:47:19,66,26.5,70.2,6,4096,0,90,happy
9:47:35,66,26.6,70.2,6,4096,0,90,happy
9:47:51,67,26.5,70.1,6,4096,0,90,happy
9:48:07,67,26.7,70.3,6,4096,0,90,happy
9:48:23,67,26.6,70.3,5,4096,0,90,happy
9:48:39,68,26.6,70.3,5,4096,0,90,happy
9:48:55,68,26.5,70.1,5,4096,0,90,happy
9:49:11,68,26.5,70.1,5,4096,0,90,happy
9:49:27,67,26.5,70.3,10,4096,0,86,happy
9:49:43,67,26.5,70.3,10,4096,0,86,happy
9:49:59,67,26.5,70.3,9,4096,0,87,happy
9:50:15,67,26.5,70.2,8,4096,0,88,happy
9:50:31,103,26.5,70.2,8,4096,0,66,plain
9:50:47,100,26.4,70.2,8,4096,0,68,happy
9:51:03,97,26.4,70.1,7,4096,0,71,happy
9:51:19,94,26.4,70,7,4096,0,83,happy
9:51:35,92,26.4,70,6,4096,0,85,happy
9:51:51,89,26.5,70,6,4096,0,87,happy
9:52:07,86,26.5,70,6,4096,0,89,happy
9:52:23,83,26.5,70,6,4096,0,91,happy
9:52:39,82,26.5,70.3,5,4096,0,82,happy
9:52:55,80,26.4,70.3,5,4096,0,83,happy
9:53:11,78,26.4,70.3,5,4096,0,85,happy
9:53:27,76,26.4,70.3,5,4096,0,86,happy
9:53:43,75,26.4,70.2,4,4096,0,87,happy
9:53:59,74,26.5,70.2,4,4096,0,87,happy
9:54:15,73,26.4,70.3,4,4096,0,88,happy
9:54:31,72,26.4,70.4,4,4096,0,89,happy
9:54:47,71,26.4,70.3,4,4096,0,89,happy
9:55:03,71,26.4,70.3,4,4096,0,89,happy
9:55:19,70,26.3,70.2,11,4096,0,85,happy
9:55:35,69,26.3,70.2,10,4096,0,86,happy
9:55:51,68,26.4,70.1,9,4096,0,87,happy
9:56:07,68,26.4,70,9,4096,0,97,happy
9:56:23,68,26.3,70.1,14,4096,0,81,happy
9:56:39,68,26.4,70,13,4096,0,92,happy
9:56:55,68,26.4,70,12,4096,0,93,happy
9:57:11,82,26.4,70,11,4096,0,87,happy
9:57:27,79,26.4,70,10,4096,0,90,happy
9:57:43,76,26.4,70,9,4096,0,93,happy
9:57:59,73,26.4,70,9,4096,0,95,happy
9:58:15,80,26.4,70,8,4096,0,91,happy
9:58:31,80,26.4,70,8,4096,0,91,happy
9:58:47,75,26.4,70,7,4096,0,96,happy
9:59:03,71,26.4,70,7,4096,0,99,happy
9:59:19,65,26.6,70,7,4096,0,99,happy
9:59:35,61,26.5,70.1,6,4096,0,90,happy
9:59:51,67,26.6,70,6,4096,0,100,happy
10:00:07,80,26.6,70,13,4096,0,86,happy
10:00:23,80,26.5,70,12,4096,0,87,happy
10:00:39,73,26.5,70,11,4096,0,93,happy
10:00:55,70,26.5,70,10,4096,0,96,happy
10:01:11,75,26.5,70,9,4096,0,94,happy
10:01:27,71,26.6,70,14,4096,0,90,happy
10:01:43,77,26.6,70,12,4096,0,89,happy
10:01:59,74,26.6,70,12,4096,0,91,happy
10:02:15,71,26.7,70,11,4096,0,94,happy
10:02:31,78,26.7,70,10,4096,0,90,happy
10:02:47,86,26.7,70.1,9,4096,0,76,happy
10:03:03,84,26.7,70.2,9,4096,0,78,happy
10:03:19,82,26.7,70.2,8,4096,0,80,happy
10:03:35,80,26.6,70.2,8,4096,0,81,happy
10:03:51,78,26.7,70.1,7,4096,0,84,happy
10:04:07,77,26.6,70,7,4096,0,95,happy
10:04:23,75,26.6,70.1,6,4096,0,87,happy
10:04:39,74,26.5,70,6,4096,0,97,happy
10:04:55,73,26.5,70,6,4096,0,98,happy
10:05:11,72,26.4,70,6,4096,0,99,happy
10:05:27,71,26.4,70,6,4096,0,99,happy
10:05:43,71,26.3,70,5,4096,0,99,happy
10:05:59,71,26.3,70,5,4096,0,99,happy
10:06:15,70,26.4,70,5,4096,0,100,happy
10:06:31,70,26.4,70,4,4096,0,100,happy
10:06:47,69,26.4,70,4,4096,0,100,happy
10:07:03,69,26.3,70,4,4096,0,100,happy
10:07:19,68,26.3,70,4,4096,0,100,happy
10:07:35,68,26.3,70,4,4096,0,100,happy
10:07:51,67,26.3,70,4,4096,0,100,happy
10:08:07,67,26.3,70,3,4096,0,100,happy
10:08:23,98,26.3,70.1,4,4096,0,71,happy
10:08:39,73,26.2,70,3,4096,0,98,happy
10:08:55,79,26.2,70,3,4096,0,94,happy
10:09:11,87,26.2,70,3,4096,0,89,happy
10:09:27,85,26.3,70,8,4096,0,88,happy
10:09:43,82,26.4,70,8,4096,0,90,happy
10:09:59,80,26.5,70,7,4096,0,93,happy
10:10:15,79,26.5,70,7,4096,0,93,happy
10:10:31,78,26.5,70,7,4096,0,94,happy
10:10:47,78,26.5,70,6,4096,0,95,happy
10:11:03,77,26.5,70,6,4096,0,95,happy
10:11:19,75,26.5,70,6,4096,0,97,happy
10:11:35,74,26.6,70,5,4096,0,97,happy
10:11:51,72,26.5,70,5,4096,0,99,happy
10:12:07,72,26.5,70,5,4096,0,99,happy
10:12:23,72,26.5,70,5,4096,0,99,happy
10:12:39,72,26.5,70,5,4096,0,99,happy
10:12:55,72,26.6,70,5,4096,0,99,happy
10:13:11,71,26.6,70,4,4096,0,99,happy
10:13:27,70,26.6,70,4,4096,0,100,happy
10:13:43,75,26.6,70,4,4096,0,97,happy
10:13:59,71,26.6,70,4,4096,0,99,happy
10:14:15,68,26.6,70,4,4096,0,100,happy
10:14:31,65,26.6,70,4,4096,0,100,happy
10:14:47,62,26.6,70,4,4096,0,100,happy
10:15:03,59,26.5,70,3,4096,0,100,happy
10:15:19,56,26.5,70,4,4096,0,100,happy
10:15:35,55,26.5,70.1,9,4096,0,87,happy
10:15:51,85,26.5,70.1,9,4096,0,77,happy
10:16:07,80,26.5,70,8,4096,0,91,happy
10:16:23,76,26.5,70,8,4096,0,94,happy
10:16:39,90,26.6,70,7,4096,0,86,happy
10:16:55,90,26.5,70,7,4096,0,86,happy
10:17:11,90,26.5,70,7,4096,0,86,happy
10:17:27,90,26.5,70,6,4096,0,87,happy
10:17:43,90,26.6,70,6,4096,0,87,happy
10:17:59,90,26.6,70,6,4096,0,87,happy
10:18:15,90,26.5,70,5,4096,0,87,happy
10:18:31,90,26.5,70,5,4096,0,87,happy
10:18:47,90,26.5,70,5,4096,0,87,happy
10:19:03,75,26.4,70,5,4096,0,97,happy
10:19:19,70,26.5,70,5,4096,0,100,happy
10:19:35,76,26.4,70,4,4096,0,96,happy
10:19:51,72,26.4,70,4,4096,0,99,happy
10:20:07,79,26.4,70.1,4,4096,0,84,happy
10:20:23,84,26.4,70,4,4096,0,91,happy
10:20:39,81,26.5,70,4,4096,0,93,happy
10:20:55,89,26.4,70,4,4096,0,87,happy
10:21:11,86,26.3,70,4,4096,0,89,happy
10:21:27,83,26.3,70,4,4096,0,91,happy
10:21:43,82,26.3,70,3,4096,0,92,happy
10:21:59,81,26.5,70,3,4096,0,93,happy
10:22:15,79,26.4,70,3,4096,0,94,happy
10:22:31,78,26.4,70,3,4096,0,95,happy
10:22:47,77,26.4,70,3,4096,0,95,happy
10:23:03,76,26.5,70,3,4096,0,96,happy
10:23:19,75,26.3,70,3,4096,0,97,happy
10:23:35,95,26.5,70,3,3820,0,83,happy
10:23:51,95,26.7,70,3,3592,0,83,happy
10:24:07,95,26.8,70,4,3286,0,83,happy
10:24:23,95,26.9,70,4,3124,0,83,happy
10:24:39,95,27,70,4,2953,0,83,happy
10:24:55,133,27.1,70,4,2843,0,60,plain
10:25:11,130,27.2,70,4,2671,0,60,plain
10:25:27,126,27.3,70,4,2547,0,62,plain
10:25:43,124,27.4,70,4,2399,0,63,plain
10:25:59,140,27.4,70,4,2288,0,59,plain
10:26:15,140,27.5,70,4,2281,0,59,plain
10:26:31,140,27.5,70,4,2141,0,59,plain
10:26:47,140,27.5,70,4,2056,0,59,plain
10:27:03,136,27.6,70,4,2003,0,59,plain
10:27:19,132,27.6,70,5,1978,0,49,plain
10:27:35,128,27.7,70,5,1922,0,50,plain
10:27:51,125,27.6,70,5,1927,0,52,plain
10:28:07,122,27.7,70,5,1818,0,54,plain
10:28:23,120,27.8,70.1,5,1730,0,44,plain
10:28:39,117,27.8,70,5,1738,0,56,plain
10:28:55,114,27.9,70.1,5,1633,0,48,plain
10:29:11,140,27.9,70.1,5,1631,0,37,plain
10:29:27,140,27.8,70,5,1591,0,48,plain
10:29:43,140,27.9,70,5,1497,0,47,plain
10:29:59,136,27.8,70,5,1460,0,48,plain
10:30:15,131,27.8,70,5,1481,0,48,plain
10:30:31,128,27.9,70,5,1505,0,49,plain
10:30:47,125,28,70,5,1442,0,50,plain
10:31:03,123,27.9,70,5,1476,0,52,plain
10:31:19,120,27.9,70,5,1344,0,54,plain
10:31:35,140,27.9,70,11,1374,0,42,plain
10:31:51,140,27.9,70,10,1390,0,43,plain
10:32:07,140,27.9,70,10,1427,0,43,plain
10:32:23,137,27.9,70,9,1357,0,44,plain
10:32:39,133,27.9,70,9,1429,0,44,plain
10:32:55,129,28,70,9,1418,0,45,plain
10:33:11,126,27.9,70,8,1442,0,48,plain
10:33:27,124,28,70,8,1470,0,49,plain
10:33:43,120,27.9,70,8,1450,0,52,plain
10:33:59,119,28,70,7,1466,0,54,plain
10:34:15,140,28,70,12,1443,0,40,plain
10:34:31,140,27.9,70,12,1488,0,41,plain
10:34:47,140,27.9,70,11,1503,0,42,plain
10:35:03,137,28,70,10,1494,0,43,plain
10:35:19,133,27.9,70.2,10,1466,0,33,stressed
10:35:35,129,27.9,70.1,9,1438,0,35,plain
10:35:51,126,28,70,9,1493,0,47,plain
10:36:07,123,28,70.1,9,1504,0,39,plain
10:36:23,120,28,70,8,1489,0,52,plain
10:36:39,118,27.9,70.1,8,1503,0,43,plain
10:36:55,115,27.9,70.3,8,1448,0,45,plain
10:37:11,114,27.9,70.1,7,1474,0,47,plain
10:37:27,112,27.9,70.1,7,1470,0,49,plain
10:37:43,109,27.9,70.1,7,1561,0,51,plain
10:37:59,108,28,70.1,7,1638,0,51,plain
10:38:15,107,27.9,70.1,6,1620,0,53,plain
10:38:31,105,27.8,70,6,1597,0,64,plain
10:38:47,104,27.9,70,6,1558,0,65,plain
10:39:03,103,28,70,6,1496,0,65,plain
10:39:19,102,27.9,70,6,1498,0,66,plain
10:39:35,101,28,70,6,1444,0,66,plain
10:39:51,100,28,70,6,1477,0,67,happy
10:40:07,100,28.1,70,6,1403,0,67,happy
10:40:23,98,28.1,70,6,1470,0,68,happy
10:40:39,98,27.9,70,6,1448,0,69,happy
10:40:55,99,27.9,70,6,1465,0,68,happy
10:41:11,98,27.9,70,5,1438,0,69,happy
10:41:27,98,28,70,6,1495,0,68,happy
10:41:43,99,28.1,70,5,1516,0,67,happy
10:41:59,98,28,70,5,1510,0,68,happy
10:42:15,132,27.9,70,5,1540,0,47,plain
10:42:31,129,27.9,70,5,1484,0,48,plain
10:42:47,126,28,70,5,1476,0,50,plain
10:43:03,122,28,70,5,1452,0,52,plain
10:43:19,119,28,70.1,5,1484,0,44,plain
10:43:35,117,28,70.1,5,1506,0,46,plain
10:43:51,115,27.9,70.2,5,1535,0,47,plain
10:44:07,114,28,70.1,5,1536,0,48,plain
10:44:23,112,28,70.3,5,1433,0,49,plain
10:44:39,110,28,70.3,5,1468,0,50,plain
10:44:55,108,27.9,70.4,5,1599,0,52,plain
10:45:11,107,27.9,70.3,5,1600,0,53,plain
10:45:27,106,27.9,70.3,5,1624,0,53,plain
10:45:43,106,27.9,70.2,5,1646,0,53,plain
10:45:59,105,27.9,70.2,5,1586,0,54,plain
10:46:15,104,27.9,70,5,1536,0,65,plain
10:46:31,103,27.9,70,5,1600,0,65,plain
10:46:47,102,27.9,70,5,1600,0,66,plain
10:47:03,133,27.9,70,5,1600,0,47,plain
10:47:19,130,28,70,10,1575,0,43,plain
10:47:35,127,28,70.1,10,1560,0,35,plain
10:47:51,123,27.9,70.2,9,1588,0,39,plain
10:48:07,120,27.9,70.2,9,1535,0,41,plain
10:48:23,117,28,70.3,8,1589,0,44,plain
10:48:39,115,27.9,70.1,8,1554,0,45,plain
10:48:55,140,28,70.3,8,1553,0,35,plain
10:49:11,140,28,70.5,7,1585,0,36,plain
10:49:27,139,28.2,70.7,7,1724,0,35,plain
10:49:43,134,28.1,70.7,7,1718,0,36,plain
10:49:59,140,28.1,70.8,7,1684,0,36,plain
10:50:15,140,27.9,70.5,7,1584,0,37,plain
10:50:31,140,27.9,70.5,7,1652,0,37,plain
10:50:47,140,27.9,70.5,6,1703,0,37,plain
10:51:03,139,27.9,70.6,6,1665,0,37,plain
10:51:19,135,27.9,70.4,6,1605,0,37,plain
10:51:35,131,27.9,70.3,6,1615,0,37,plain
10:51:51,140,27.8,70.2,6,1583,0,38,plain
10:52:07,140,27.9,70.2,6,1503,0,37,plain
10:52:23,140,27.8,70.3,6,1448,0,38,plain
10:52:39,140,27.8,70.3,6,1372,0,38,plain
10:52:55,139,27.8,70.2,6,1360,0,38,plain
10:53:11,135,27.8,70.3,5,1371,0,38,plain
10:53:27,132,27.8,70.3,5,1300,0,38,plain
10:53:43,128,27.8,70.2,5,1318,0,39,plain
10:53:59,124,27.8,70.4,5,1450,0,42,plain
10:54:15,121,27.9,70.4,5,1322,0,43,plain
10:54:31,118,27.9,70.4,5,1428,0,45,plain
10:54:47,115,27.9,70.4,5,1453,0,47,plain
10:55:03,112,27.9,70.6,5,1454,0,49,plain
10:55:19,140,28,70.5,5,1471,0,37,plain
10:55:35,136,27.9,70.3,5,1543,0,37,plain
10:55:51,132,27.9,70.1,5,1580,0,37,plain
10:56:07,128,27.9,70,5,1506,0,49,plain
10:56:23,124,28,70,5,1508,0,51,plain
10:56:39,121,27.9,70.1,5,1504,0,43,plain
10:56:55,118,27.9,70,10,1408,0,51,plain
10:57:11,117,27.9,70,10,1384,0,52,plain
10:57:27,114,28,70.1,9,1311,0,45,plain
10:57:43,113,28,70,9,1316,0,55,plain
10:57:59,111,27.9,70,8,1321,0,58,plain
10:58:15,109,27.9,70,8,1325,0,59,plain
10:58:31,107,27.9,70,8,1292,0,61,plain
10:58:47,106,27.9,70,7,1357,0,63,plain
10:59:03,140,27.9,70,7,1321,0,47,plain
10:59:19,135,28.1,70,7,1342,0,46,plain
10:59:35,131,28.1,70,6,1355,0,47,plain
10:59:51,140,28,70,6,1316,0,47,plain
11:00:07,140,28,70,6,1314,0,47,plain
11:00:23,140,28.1,70,6,1393,0,47,plain
11:00:39,140,28.1,70,6,1412,0,47,plain
11:00:55,138,28.1,70,6,1449,0,47,plain
11:01:11,134,28,70.1,6,1528,0,37,plain
11:01:27,129,28,70.2,5,1525,0,38,plain
11:01:43,126,28,70.2,5,1589,0,40,plain
11:01:59,123,28,70,5,1538,0,52,plain
11:02:15,118,28,70,11,1642,0,50,plain
11:02:31,116,28,70,15,1613,0,46,plain
11:02:47,113,28,70,15,1637,0,48,plain
11:03:03,111,27.9,70,15,1649,0,50,plain
11:03:19,109,28,70.2,15,1666,0,41,plain
11:03:35,108,28.1,70.1,15,1710,0,41,plain
11:03:51,106,28,70.2,15,1757,0,43,plain
11:04:07,106,28,70.2,15,1729,0,43,plain
11:04:23,106,28,70.1,15,1688,0,43,plain
11:04:39,105,28,70,14,1639,0,55,plain
11:04:55,103,28,70,13,1607,0,57,plain
11:05:11,102,28,70,13,1595,0,58,plain
11:05:27,101,28,70,12,1631,0,60,plain
11:05:43,101,28,70,11,1667,0,61,plain
11:05:59,100,28,70,10,1640,0,63,plain
11:06:15,100,27.9,70,10,1620,0,63,plain
11:06:31,99,28,70,10,1602,0,63,plain
11:06:47,100,28,70,9,1542,0,64,plain
11:07:03,99,28,70,9,1465,0,65,plain
11:07:19,98,28,70,8,1496,0,66,plain
11:07:35,98,28.1,70,8,1482,0,66,plain
11:07:51,98,28.1,70,14,1496,0,59,plain
11:08:07,98,28.1,70,13,1544,0,60,plain
11:08:23,97,28,70,12,1590,0,62,plain
11:08:39,97,28,70,11,1651,0,64,plain
11:08:55,97,28,70,11,1706,0,64,plain
11:09:11,98,28,70,10,1711,0,64,plain
11:09:27,97,28,70,10,1667,0,65,plain
11:09:43,96,28,70,9,1688,0,67,happy
11:09:59,97,28,70,9,1684,0,66,plain
11:10:15,96,28,70,9,1577,0,67,happy
11:10:31,97,28,70,8,1557,0,67,happy
11:10:47,96,27.9,70,8,1556,0,68,happy
11:11:03,96,27.9,70,8,1489,0,68,happy
11:11:19,96,27.9,70,7,1499,0,69,happy
11:11:35,94,27.9,70,7,1563,0,71,happy
11:11:51,94,27.9,70,7,1580,0,71,happy
11:12:07,94,28,70,7,1550,0,70,happy
11:12:23,96,28,70,7,1604,0,69,happy
11:12:39,96,28,70,7,1526,0,69,happy
11:12:55,97,28,70,7,1498,0,68,happy
11:13:11,97,27.9,70,6,1452,0,69,happy
11:13:27,97,27.9,70,6,1458,0,69,happy
11:13:43,97,27.9,70,6,1470,0,69,happy
11:13:59,97,27.9,70,6,1446,0,69,happy
11:14:15,97,27.9,70.1,6,1452,0,59,plain
11:14:31,96,27.8,70,6,1424,0,70,happy
11:14:47,96,27.8,70.1,6,1401,0,60,plain
11:15:03,95,27.8,70,5,1395,0,71,happy
11:15:19,96,27.7,70,5,1445,0,71,happy
11:15:35,95,27.7,70,5,1397,0,72,happy
11:15:51,134,27.7,70,5,1442,0,48,plain
11:16:07,130,27.7,70,5,1495,0,48,plain
11:16:23,127,27.8,70,5,1479,0,50,plain
11:16:39,123,27.9,70,5,1538,0,52,plain
11:16:55,120,27.9,70,5,1539,0,54,plain
11:17:11,117,27.9,70,5,1548,0,56,plain
11:17:27,115,27.9,70.2,5,1636,0,47,plain
11:17:43,113,27.9,70.2,5,1591,0,49,plain
11:17:59,111,28,70.3,5,1583,0,50,plain
11:18:15,110,28,70.4,5,1616,0,50,plain
11:18:31,109,27.9,70.4,5,1578,0,51,plain
11:18:47,107,28,70.4,5,1599,0,52,plain
11:19:03,139,28,70.4,5,1611,0,37,plain
11:19:19,134,28,70.5,5,1600,0,37,plain
11:19:35,129,27.9,70.5,5,1573,0,38,plain
11:19:51,126,27.9,70.3,5,1635,0,40,plain
11:20:07,123,27.8,70.1,5,1718,0,42,plain
11:20:23,140,27.9,70.3,5,1701,0,37,plain
11:20:39,140,28,70.2,5,1615,0,37,plain
11:20:55,140,28,70.2,5,1630,0,37,plain
11:21:11,139,28,70.2,5,1626,0,37,plain
11:21:27,134,27.9,70.1,11,1649,0,32,stressed
11:21:43,130,27.9,70.2,10,1614,0,33,stressed
11:21:59,126,27.9,70.3,10,1575,0,36,plain
11:22:15,123,27.9,70.3,9,1593,0,39,plain
11:22:31,121,28,70.3,9,1573,0,40,plain
11:22:47,119,28,70.3,9,1462,0,41,plain
11:23:03,117,28,70.1,9,1471,0,43,plain
11:23:19,115,27.9,70.2,8,1498,0,45,plain
11:23:35,113,27.9,70.1,8,1549,0,47,plain
11:23:51,111,27.9,70,7,1558,0,59,plain
11:24:07,109,27.8,70,7,1567,0,61,plain
11:24:23,107,27.9,70,7,1626,0,62,plain
11:24:39,105,27.9,70.1,6,1597,0,54,plain
11:24:55,104,27.8,70.1,6,1563,0,55,plain
11:25:11,103,27.8,70.2,6,1540,0,56,plain
11:25:27,138,27.8,70.3,6,1518,0,38,plain
11:25:43,135,27.7,70.3,6,1576,0,38,plain
11:25:59,132,27.8,70.2,6,1534,0,38,plain
11:26:15,128,27.9,70.1,6,1553,0,39,plain
11:26:31,124,27.9,70.2,6,1571,0,41,plain
11:26:47,121,27.9,70.3,6,1584,0,43,plain
11:27:03,119,28,70.2,5,1543,0,44,plain
11:27:19,117,27.9,70.3,5,1574,0,46,plain
11:27:35,114,27.8,70.3,5,1514,0,48,plain
11:27:51,112,27.8,70.2,5,1498,0,50,plain
11:28:07,110,27.8,70.1,5,1415,0,51,plain
11:28:23,108,27.8,70.2,5,1490,0,52,plain
11:28:39,140,27.9,70.1,5,1455,0,37,plain
11:28:55,136,27.9,70.2,5,1521,0,37,plain
11:29:11,132,28,70.1,5,1496,0,37,plain
11:29:27,129,28,70,5,1524,0,48,plain
11:29:43,124,28,70.1,5,1536,0,41,plain
11:29:59,121,28,70.1,5,1437,0,43,plain
11:30:15,118,28,70.1,5,1410,0,45,plain
11:30:31,115,28,70.1,5,1335,0,47,plain
11:30:47,113,28.1,70,5,1447,0,58,plain
11:31:03,112,28,70.1,5,1495,0,49,plain
11:31:19,110,28.2,70,5,1572,0,60,plain
11:31:35,108,28.2,70,5,1537,0,61,plain
11:31:51,107,28.1,70,11,1538,0,57,plain
11:32:07,106,28.1,70,10,1512,0,58,plain
11:32:23,105,28.2,70,10,1515,0,59,plain
11:32:39,104,28.2,70,10,1517,0,59,plain
11:32:55,103,28.2,70,9,1570,0,61,plain
11:33:11,102,28.1,70,9,1563,0,62,plain
11:33:27,101,28.1,70,9,1519,0,63,plain
11:33:43,102,28.2,70,8,1592,0,63,plain
11:33:59,101,28.1,70,8,1628,0,64,plain
11:34:15,100,28.1,70,8,1571,0,65,plain
11:34:31,100,28.1,70,7,1509,0,66,plain
11:34:47,100,27.9,70,7,1541,0,67,happy
11:35:03,100,27.9,70,7,1516,0,67,happy
11:35:19,136,27.9,70,7,1504,0,47,plain
11:35:35,131,28,70,12,1451,0,40,plain
11:35:51,128,28,70,11,1489,0,43,plain
11:36:07,125,28,70,10,1520,0,46,plain
11:36:23,121,27.9,70,9,1444,0,50,plain
11:36:39,119,27.9,70,9,1460,0,52,plain
11:36:55,140,28,70,9,1558,0,44,plain
11:37:11,140,28.1,70,8,1520,0,45,plain
11:37:27,138,28,70,8,1607,0,45,plain
11:37:43,134,28,70.1,8,1657,0,35,plain
11:37:59,130,28,70,8,1618,0,45,plain
11:38:15,127,28.1,70,7,1609,0,48,plain
11:38:31,124,28.2,70,7,1638,0,49,plain
11:38:47,120,28.2,70,7,1682,0,52,plain
11:39:03,118,28.2,70.1,6,1641,0,44,plain
11:39:19,116,28.2,70.1,6,1576,0,46,plain
11:39:35,114,28.1,70.4,6,1559,0,47,plain
11:39:51,112,28.1,70.4,6,1542,0,49,plain
11:40:07,110,28,70.4,6,1462,0,50,plain
11:40:23,107,28.1,70.4,6,1435,0,52,plain
11:40:39,106,28,70.5,6,1487,0,53,plain
11:40:55,105,28.1,70.5,6,1503,0,53,plain
11:41:11,104,28.1,70.4,10,1461,0,50,plain
11:41:27,103,28.1,70.5,10,1458,0,50,plain
11:41:43,103,28.1,70.4,9,1448,0,52,plain
11:41:59,135,28,70.3,9,1343,0,34,plain
11:42:15,131,27.9,70.4,8,1395,0,35,plain
11:42:31,127,27.9,70.3,8,1345,0,37,plain
11:42:47,124,28,70.3,8,1378,0,39,plain
11:43:03,121,28,70.2,7,1417,0,42,plain
11:43:19,119,28.1,70.3,7,1416,0,43,plain
11:43:35,117,28.1,70.4,7,1492,0,44,plain
11:43:51,115,28.2,70.3,7,1493,0,45,plain
11:44:07,113,28.2,70.1,6,1527,0,48,plain
11:44:23,111,28.1,70.1,6,1489,0,49,plain
11:44:39,140,28,70.3,6,1503,0,37,plain
11:44:55,136,28.1,70.3,11,1432,0,31,stressed
11:45:11,133,28.1,70.3,10,1383,0,32,stressed
11:45:27,130,28,70.1,10,1397,0,33,stressed
11:45:43,127,28,70.2,9,1427,0,36,plain
11:45:59,123,28,70.1,9,1434,0,39,plain
11:46:15,121,27.9,70,9,1468,0,50,plain
11:46:31,118,28,70,8,1499,0,53,plain
11:46:47,116,27.9,70,8,1402,0,55,plain
11:47:03,115,28,70,7,1358,0,56,plain
11:47:19,113,28.1,70,7,1332,0,57,plain
11:47:35,111,28.1,70,7,1287,0,58,plain
11:47:51,110,28.1,70,7,1221,0,59,plain
11:48:07,108,28.1,70,6,1244,0,61,plain
11:48:23,107,28,70,6,1221,0,62,plain
11:48:39,105,28.1,70,6,1320,0,63,plain
11:48:55,105,28.1,70,6,1267,0,63,plain
11:49:11,102,28.1,70,6,1254,0,65,plain
11:49:27,100,28,70,6,1287,0,67,happy
11:49:43,100,27.9,70,12,1387,0,61,plain
11:49:59,100,27.8,70,11,1388,0,62,plain
11:50:15,99,27.8,70,11,1374,0,63,plain
11:50:31,100,27.9,70.1,10,1369,0,53,plain
11:50:47,98,27.9,70.2,10,1469,0,55,plain
11:51:03,97,28,70.1,9,1438,0,56,plain
11:51:19,97,27.9,70.2,9,1440,0,56,plain
11:51:35,97,28,70.2,8,1421,0,57,plain
11:51:51,96,28,70.1,14,1350,0,51,plain
11:52:07,96,28,70.1,13,1456,0,52,plain
11:52:23,95,28,70.3,12,1399,0,54,plain
11:52:39,96,27.9,70.1,15,1420,0,50,plain
11:52:55,131,27.9,70.1,15,1464,0,27,stressed
11:53:11,128,27.9,70.1,14,1443,0,30,stressed
11:53:27,124,28,70.1,13,1492,0,33,stressed
11:53:43,121,28,70.2,12,1565,0,36,plain
11:53:59,119,28,70.2,12,1461,0,38,plain
11:54:15,140,28,70.1,11,1432,0,32,stressed
11:54:31,140,28,70.1,10,1507,0,33,stressed
11:54:47,140,28.1,70.1,10,1498,0,32,stressed
11:55:03,135,28,70.4,9,1500,0,34,plain
11:55:19,131,28,70.3,9,1554,0,34,plain
11:55:35,127,27.9,70.3,9,1570,0,36,plain
11:55:51,124,27.9,70.2,9,1595,0,38,plain
11:56:07,121,27.9,70.2,8,1467,0,41,plain
11:56:23,119,28,70.2,8,1408,0,42,plain
11:56:39,117,27.9,70.2,8,1454,0,44,plain
11:56:55,120,28.2,71,8,1718,0,41,plain
11:57:11,118,28.5,72.1,14,1956,0,34,plain
11:57:27,121,28.9,72.9,13,2170,0,42,plain
11:57:43,121,29.1,73.6,13,2363,0,41,plain
11:57:59,119,29.4,74.1,13,2536,0,41,plain
11:58:15,119,29.5,74.8,13,2692,0,41,plain
11:58:31,119,29.7,75.3,12,2832,0,41,plain
11:58:47,117,29.8,75.7,12,2959,0,42,plain
11:59:03,117,30,76.3,11,3073,0,42,plain
11:59:19,118,30,76.7,11,3175,0,42,plain
11:59:35,116,30.1,77,12,3267,0,41,plain
11:59:51,117,30.3,77.3,11,3350,0,41,plain
12:00:07,117,30.4,77.5,11,3425,0,41,plain
12:00:23,116,30.5,77.7,11,3492,1,26,stressed
12:00:39,117,30.5,78,11,3552,0,40,plain
12:00:55,116,30.5,78.3,10,3606,0,42,plain
12:01:11,117,30.6,78.5,10,3655,0,41,plain
12:01:27,118,30.6,78.5,10,3699,1,25,stressed
12:01:43,117,30.7,78.6,15,3739,1,20,stressed
12:01:59,116,30.6,78.6,15,3775,1,21,stressed
12:02:15,117,30.7,78.8,15,3807,1,20,stressed
12:02:31,118,30.8,79,14,3836,1,20,stressed
12:02:47,118,30.8,79.1,13,3862,1,21,stressed
12:03:03,117,30.8,79.4,12,3885,1,23,stressed
12:03:19,119,30.8,79.4,15,3906,1,18,stressed
12:03:35,119,30.8,79.3,15,3925,1,18,stressed
12:03:51,120,30.8,79.3,15,3942,1,17,stressed
12:04:07,117,30.8,79.3,15,3958,1,19,stressed
12:04:23,119,30.9,79.5,15,3972,1,18,stressed
12:04:39,120,30.8,79.7,14,3984,1,19,stressed
12:04:55,120,30.8,79.6,14,3995,1,19,stressed
12:05:11,119,30.8,79.6,13,4005,1,20,stressed
12:05:27,140,30.9,79.5,13,4014,1,13,stressed
12:05:43,140,30.9,79.7,12,4023,1,14,stressed
12:05:59,140,30.9,79.7,12,4030,1,14,stressed
12:06:15,140,30.9,79.8,12,4036,1,14,stressed
12:06:31,140,31,80,11,4042,1,15,stressed
12:06:47,140,31,80,11,4048,1,15,stressed
12:07:03,140,30.9,79.9,11,4053,1,15,stressed
12:07:19,140,30.9,80.1,11,4057,1,15,stressed
12:07:35,140,31,80.2,11,4061,1,15,stressed
12:07:51,140,31,80.2,11,4064,1,15,stressed
12:08:07,140,31.1,80.2,11,4068,1,15,stressed
12:08:23,140,31.1,80.3,11,4070,1,15,stressed
12:08:39,140,31.2,80.3,15,4073,1,10,stressed
12:08:55,140,31.2,80.3,15,4075,1,10,stressed
12:09:11,140,31.1,80.4,15,4077,1,10,stressed
12:09:27,140,31,80.5,15,4079,1,10,stressed
12:09:43,140,31,80.5,14,4081,1,11,stressed
12:09:59,140,31.1,80.5,13,4082,1,12,stressed
12:10:15,140,31,80.3,13,4084,1,12,stressed
12:10:31,140,31.1,80.1,13,4085,0,27,stressed
12:10:47,140,31.1,80.2,13,4086,0,27,stressed
12:11:03,140,31.1,80.1,12,4087,0,28,stressed
12:11:19,140,31,80,12,4088,0,28,stressed
12:11:35,140,31,80.2,12,4089,1,13,stressed
12:11:51,140,31,80,11,4089,1,15,stressed
12:12:07,138,30.9,80,11,4090,1,15,stressed
12:12:23,136,30.9,79.8,11,4091,1,15,stressed
12:12:39,136,30.9,79.8,11,4091,1,15,stressed
12:12:55,134,30.9,80,11,4092,1,15,stressed
12:13:11,135,30.9,79.8,10,4092,1,16,stressed
12:13:27,133,31,79.8,10,4093,1,16,stressed
12:13:43,130,31,79.9,10,4093,1,16,stressed
12:13:59,128,31,79.8,10,4093,1,17,stressed
12:14:15,127,31,79.8,10,4093,1,18,stressed
12:14:31,124,31,79.8,10,4094,1,20,stressed
12:14:47,140,31,79.9,10,4094,1,16,stressed
12:15:03,140,31.1,79.9,9,4094,1,17,stressed
12:15:19,140,31.1,79.8,9,4094,1,17,stressed
12:15:35,140,31,79.7,9,4095,1,17,stressed
12:15:51,140,31,79.6,9,4095,1,17,stressed
12:16:07,140,31,79.6,9,4095,1,17,stressed
12:16:23,140,31,79.7,9,4095,1,17,stressed
12:16:39,140,30.9,79.6,9,4095,1,17,stressed
12:16:55,140,31,79.8,9,4095,1,17,stressed
12:17:11,140,31,79.8,15,4095,1,10,stressed
12:17:27,140,31,80.1,15,4095,1,10,stressed
12:17:43,140,31,80.1,15,4095,1,10,stressed
12:17:59,140,31,80.2,14,4095,1,11,stressed
12:18:15,140,31,80.1,14,4095,1,11,stressed
12:18:31,140,31,80.2,13,4096,1,12,stressed
12:18:47,140,30.9,80.1,12,4096,1,14,stressed
12:19:03,140,30.9,80.1,12,4096,1,14,stressed
12:19:19,140,31,80,11,4096,1,15,stressed
12:19:35,137,30.9,79.8,11,4096,1,15,stressed
12:19:51,137,30.9,79.7,10,4096,1,16,stressed
12:20:07,135,30.9,79.6,10,4096,1,16,stressed
12:20:23,134,30.9,79.7,10,4096,1,16,stressed
12:20:39,140,30.9,79.7,10,4096,1,16,stressed
12:20:55,140,31,79.7,10,4096,1,16,stressed
12:21:11,140,31.1,79.8,10,4096,1,16,stressed
12:21:27,140,31.1,79.8,10,4096,1,16,stressed
12:21:43,140,31,79.8,10,4096,1,16,stressed
12:21:59,140,31.1,79.7,10,4096,1,16,stressed
12:22:15,140,31.1,79.6,10,4096,1,16,stressed
12:22:31,140,31.1,79.7,10,4096,1,16,stressed
12:22:47,140,31.1,79.8,10,4096,1,16,stressed
12:23:03,140,31.2,79.7,10,4096,1,16,stressed
12:23:19,139,31.1,79.8,10,4096,1,16,stressed
12:23:35,138,31.1,79.8,10,4096,1,16,stressed
12:23:51,138,31.1,79.8,10,4096,1,16,stressed
12:24:07,136,31.1,79.7,10,4096,1,16,stressed
12:24:23,135,31.1,79.8,10,4096,1,16,stressed
12:24:39,134,31.1,79.9,10,4096,1,16,stressed
12:24:55,132,31.1,80,10,4096,1,16,stressed
12:25:11,129,31,79.8,10,4096,0,31,stressed
12:25:27,127,31,79.8,10,4096,1,18,stressed
12:25:43,128,31,79.7,10,4096,1,17,stressed
12:25:59,126,30.9,80,10,4096,1,19,stressed
12:26:15,124,30.9,80.1,10,4096,0,35,plain
12:26:31,124,30.9,80.2,9,4096,1,21,stressed
12:26:47,124,30.9,80.2,9,4096,1,21,stressed
12:27:03,123,30.9,80,9,4096,1,22,stressed
12:27:19,121,30.9,80,9,4096,1,23,stressed
12:27:35,120,31,80.1,9,4096,1,24,stressed
12:27:51,119,31,80,9,4096,1,24,stressed
12:28:07,119,31,80,9,4096,1,24,stressed
12:28:23,119,31,79.9,9,4096,1,24,stressed
12:28:39,120,31,80.1,9,4096,1,24,stressed
12:28:55,121,31.1,80.2,9,4096,1,23,stressed
12:29:11,121,31.1,80.1,9,4096,1,23,stressed
12:29:27,120,31,80.2,8,4096,1,25,stressed
12:29:43,120,31.1,80.1,15,4096,1,17,stressed
12:29:59,140,30.9,80.1,14,4096,1,12,stressed
12:30:15,140,30.9,80.1,13,4096,1,13,stressed
12:30:31,140,30.9,80,13,4096,1,13,stressed
12:30:47,140,30.9,80,13,4096,1,13,stressed
12:31:03,140,30.9,79.8,12,4096,1,14,stressed
12:31:19,138,31,79.8,12,4096,1,13,stressed
12:31:35,140,31,79.8,12,4096,1,13,stressed
12:31:51,140,31.1,79.9,12,4096,1,13,stressed
12:32:07,140,31,79.8,11,4096,1,15,stressed
12:32:23,140,31,79.8,11,4096,1,15,stressed
12:32:39,140,30.9,79.8,10,4096,1,16,stressed
12:32:55,140,30.9,79.8,10,4096,1,16,stressed
12:33:11,140,30.9,80.1,10,4096,1,16,stressed
12:33:27,140,30.9,80.2,10,4096,1,16,stressed
12:33:43,138,30.9,80.2,10,4096,1,16,stressed
12:33:59,140,30.9,80.1,10,4096,1,16,stressed
12:34:15,140,30.8,80.1,10,4096,1,17,stressed
12:34:31,140,30.9,80.1,10,4096,1,16,stressed
12:34:47,140,30.9,80.1,10,4096,1,16,stressed
12:35:03,140,30.8,80.1,10,4096,1,17,stressed
12:35:19,140,30.8,80.1,10,4096,1,17,stressed
12:35:35,140,30.8,79.9,10,4096,1,17,stressed
12:35:51,140,30.9,79.8,10,4096,1,16,stressed
12:36:07,140,30.9,79.7,10,4096,1,16,stressed
12:36:23,140,30.9,79.8,10,4096,1,16,stressed
12:36:39,140,30.9,79.8,10,4096,1,16,stressed
12:36:55,138,30.9,79.8,10,4096,1,16,stressed
12:37:11,135,30.9,79.9,10,4096,1,16,stressed
12:37:27,135,31,79.8,10,4096,1,16,stressed
12:37:43,134,30.9,79.9,11,4096,1,15,stressed
12:37:59,131,31,79.9,11,4096,1,15,stressed
12:38:15,129,30.8,80,10,4096,1,17,stressed
12:38:31,140,30.9,80.1,10,4096,1,16,stressed
12:38:47,140,30.8,80.2,9,4096,1,18,stressed
12:39:03,140,30.9,80.1,15,4096,1,10,stressed
12:39:19,140,30.9,80.1,15,4096,1,10,stressed
12:39:35,140,30.8,80.2,15,4096,1,11,stressed
12:39:51,140,30.8,80.2,14,4096,1,12,stressed
12:40:07,140,30.8,80.2,14,4096,1,12,stressed
12:40:23,140,30.7,80,15,4096,1,11,stressed
12:40:39,139,30.7,79.9,15,4096,1,11,stressed
12:40:55,136,30.8,79.9,15,4096,1,11,stressed
12:41:11,135,30.8,80.1,15,4096,1,11,stressed
12:41:27,140,30.9,80.1,15,4096,1,10,stressed
12:41:43,140,30.9,80.1,15,4096,1,10,stressed
12:41:59,140,30.9,80.2,15,4096,1,10,stressed
12:42:15,140,31,80.1,15,4096,1,10,stressed
12:42:31,140,31.1,80.1,15,4096,1,10,stressed
12:42:47,140,31,80,15,4096,0,25,stressed
12:43:03,140,31,80,15,4096,0,25,stressed
12:43:19,140,31,80.1,15,4096,1,10,stressed
12:43:35,140,31.1,80.3,14,4096,1,11,stressed
12:43:51,140,31.1,80.2,15,4096,1,10,stressed
12:44:07,138,31.1,80.2,14,4096,1,11,stressed
12:44:23,139,31.2,80,13,4096,1,12,stressed
12:44:39,138,31.1,80.2,13,4096,1,12,stressed
12:44:55,136,31.1,80.2,12,4096,1,13,stressed
12:45:11,133,31.1,80.1,12,4096,1,13,stressed
12:45:27,133,31.2,80.2,12,4096,1,13,stressed
12:45:43,132,31.1,80.1,12,4096,1,13,stressed
12:45:59,132,31.1,80,12,4096,1,13,stressed
12:46:15,133,31.1,79.9,11,4096,1,15,stressed
12:46:31,131,31.1,79.9,11,4096,1,15,stressed
12:46:47,130,31.1,80,11,4096,1,15,stressed
12:47:03,130,31.1,79.9,15,4096,1,10,stressed
12:47:19,129,31.1,80,14,4096,1,12,stressed
12:47:35,127,31.1,80,14,4096,1,13,stressed
12:47:51,126,31.1,80,14,4096,1,14,stressed
12:48:07,126,31.1,79.9,14,4096,1,14,stressed
12:48:23,125,31.1,79.8,13,4096,1,16,stressed
12:48:39,124,31.1,79.6,13,4096,1,16,stressed
12:48:55,122,31.1,79.5,12,4096,1,19,stressed
12:49:11,120,31.1,79.6,12,4096,1,20,stressed
12:49:27,120,31,79.7,12,4096,1,20,stressed
12:49:43,121,30.9,79.7,11,4096,1,21,stressed
12:49:59,120,30.9,79.7,11,4096,1,22,stressed
12:50:15,120,30.8,79.7,11,4096,1,22,stressed
12:50:31,121,30.9,79.7,10,4096,1,22,stressed
12:50:47,122,30.9,79.9,10,4096,1,22,stressed
12:51:03,122,30.9,79.9,11,4096,1,20,stressed
12:51:19,121,30.9,79.9,15,4096,1,16,stressed
12:51:35,120,30.9,80,15,4096,1,17,stressed
12:51:51,119,31,80,15,4096,1,17,stressed
12:52:07,119,31,80.1,15,4096,1,17,stressed
12:52:23,117,31,80,15,4096,1,19,stressed
12:52:39,118,30.9,80,14,4096,1,20,stressed
12:52:55,118,30.8,80,13,4096,1,21,stressed
12:53:11,117,30.8,79.9,13,4096,1,22,stressed
12:53:27,116,30.7,79.9,13,4096,1,23,stressed
12:53:43,117,30.8,79.8,12,4096,1,23,stressed
12:53:59,117,30.8,80,12,4096,1,23,stressed
12:54:15,116,30.9,80.2,12,4096,1,23,stressed
12:54:31,117,30.9,80.3,15,4096,1,19,stressed
12:54:47,117,30.8,80.4,15,4096,1,19,stressed
12:55:03,115,30.9,80.5,15,4096,1,20,stressed
12:55:19,116,30.9,80.5,15,4096,1,20,stressed
12:55:35,119,30.9,80.5,15,4096,1,18,stressed
12:55:51,118,30.9,80.5,15,4096,1,18,stressed
12:56:07,119,31,80.4,15,4096,1,17,stressed
12:56:23,118,31,80.2,15,4096,1,18,stressed
12:56:39,118,31,80,15,4096,1,18,stressed
12:56:55,117,31.1,79.9,15,4096,1,19,stressed
12:57:11,115,31.1,80,15,4096,1,20,stressed
12:57:27,117,31.1,80,14,4096,1,20,stressed
12:57:43,117,31.1,80,14,4096,1,20,stressed
12:57:59,115,31,80.1,15,4096,1,20,stressed
12:58:15,116,31.1,80.3,15,4096,1,19,stressed
12:58:31,116,31,80.4,15,4096,1,19,stressed
12:58:47,116,31,80.3,15,4096,1,19,stressed
12:59:03,117,31.1,80.3,15,4096,1,19,stressed
12:59:19,117,31.1,80.2,15,4096,1,19,stressed
12:59:35,117,31.1,80.3,15,4096,1,19,stressed
12:59:51,118,31.1,80.1,14,4096,1,19,stressed
13:00:07,119,31.1,80,14,4096,1,18,stressed
13:00:23,119,31.1,79.9,13,4096,1,20,stressed
13:00:39,119,31.1,80.1,13,4096,1,20,stressed
13:00:55,120,31.1,80.1,12,4096,1,20,stressed
13:01:11,140,31,80.1,12,4096,0,28,stressed
13:01:27,140,31,80.2,12,4096,0,28,stressed
13:01:43,140,31,80,11,4096,1,15,stressed
13:01:59,140,31.1,80.1,11,4096,0,30,stressed
13:02:15,140,31.1,80,11,4096,0,30,stressed
13:02:31,140,31.1,80.2,11,4096,1,15,stressed
13:02:47,138,31.2,80.3,10,4096,1,16,stressed
13:03:03,138,31.1,80.5,10,4096,1,16,stressed
13:03:19,135,31.2,80.3,10,4096,1,16,stressed
13:03:35,132,31.2,80.3,10,4096,1,16,stressed
13:03:51,130,31.1,80.4,10,4096,1,16,stressed
13:04:07,130,31,80.5,10,4096,1,16,stressed
13:04:23,130,31,80.4,10,4096,1,16,stressed
13:04:39,128,31,80.6,10,4096,1,17,stressed
13:04:55,127,31,80.3,10,4096,1,18,stressed
13:05:11,125,31,80.4,10,4096,1,19,stressed
13:05:27,140,31.1,80.3,15,4096,1,10,stressed
13:05:43,140,31,80.2,14,4096,1,11,stressed
13:05:59,140,31,80.1,13,4096,1,12,stressed
13:06:15,140,31,80,13,4096,1,12,stressed
13:06:31,140,31.1,80.2,12,4096,1,13,stressed
13:06:47,140,31,80,12,4096,1,13,stressed
13:07:03,140,31,80.1,11,4096,1,15,stressed
13:07:19,140,31.1,80.2,10,4096,1,16,stressed
13:07:35,138,31.1,80.1,10,4096,1,16,stressed
13:07:51,136,31.1,79.9,11,4096,1,15,stressed
13:08:07,134,31.2,80,11,4096,1,15,stressed
13:08:23,133,31.1,79.9,10,4096,1,16,stressed
13:08:39,131,31,79.9,10,4096,1,16,stressed
13:08:55,129,31.1,79.9,10,4096,1,16,stressed
13:09:11,129,31.1,79.7,10,4096,1,16,stressed
13:09:27,128,31.1,79.8,10,4096,1,17,stressed
13:09:43,125,31.1,79.7,10,4096,1,19,stressed
13:09:59,124,31,79.8,10,4096,1,20,stressed
13:10:15,126,31.1,79.8,9,4096,1,20,stressed
13:10:31,126,31.1,79.8,10,4096,1,18,stressed
13:10:47,125,31,79.7,10,4096,1,19,stressed
13:11:03,126,31.1,79.9,10,4096,1,18,stressed
13:11:19,125,31.1,79.8,10,4096,1,19,stressed
13:11:35,125,31.1,79.8,10,4096,1,19,stressed
13:11:51,126,31.2,79.6,10,4096,1,18,stressed
13:12:07,125,31.2,79.6,10,4096,1,19,stressed
13:12:23,123,31.2,79.3,10,4096,1,20,stressed
13:12:39,123,31.2,79.2,10,4096,1,20,stressed
13:12:55,122,31.2,79.3,10,4096,1,21,stressed
13:13:11,140,31.1,79.5,10,4096,1,16,stressed
13:13:27,140,31.2,79.7,15,4096,1,10,stressed
13:13:43,140,31.2,79.6,15,4096,1,10,stressed
13:13:59,140,31.1,79.6,15,4096,1,10,stressed
13:14:15,140,31.1,79.5,15,4096,1,10,stressed
13:14:31,140,31.1,79.5,15,4096,1,10,stressed
13:14:47,140,31.1,79.6,15,4096,1,10,stressed
13:15:03,137,31.2,79.6,15,4096,1,10,stressed
13:15:19,136,31.1,79.6,14,4096,1,11,stressed
13:15:35,132,31.1,79.7,14,4096,1,11,stressed
13:15:51,132,31,79.8,14,4096,1,11,stressed
13:16:07,132,31.1,79.8,13,4096,1,12,stressed
13:16:23,130,31.1,79.8,13,4096,1,12,stressed
13:16:39,130,31,80,13,4096,1,12,stressed
13:16:55,129,31,80.1,12,4096,1,14,stressed
13:17:11,126,31,80.3,12,4096,1,16,stressed
13:17:27,124,31,80.2,12,4096,1,17,stressed
13:17:43,125,31,80,11,4096,1,18,stressed
13:17:59,125,31,80,11,4096,1,18,stressed
13:18:15,126,30.9,80,11,4096,1,18,stressed
13:18:31,125,31,80,11,4096,1,18,stressed
13:18:47,125,31.1,80.2,11,4096,1,18,stressed
13:19:03,123,31.1,80.1,11,4096,1,19,stressed
13:19:19,123,31.1,80.1,11,4096,1,19,stressed
13:19:35,123,31,80.1,10,4096,1,20,stressed
13:19:51,124,30.9,80,11,4096,1,19,stressed
13:20:07,125,30.9,80,10,4096,1,20,stressed
13:20:23,123,31,80.1,11,4096,1,19,stressed
13:20:39,122,31,79.9,15,4096,1,15,stressed
13:20:55,122,31.1,79.9,15,4096,1,15,stressed
13:21:11,121,31.1,79.9,15,4096,1,16,stressed
13:21:27,122,31.1,80.1,14,4096,1,16,stressed
13:21:43,123,31,80,14,4096,1,16,stressed
13:21:59,122,31,80,13,4096,1,18,stressed
13:22:15,122,31.1,80.1,13,4096,1,18,stressed
13:22:31,121,31,79.8,12,4096,1,19,stressed
13:22:47,140,31,79.8,12,4096,1,13,stressed
13:23:03,140,31.1,79.9,12,4096,1,13,stressed
13:23:19,140,31.1,79.9,11,4096,1,15,stressed
13:23:35,140,31.2,79.9,11,4096,1,15,stressed
13:23:51,140,31.1,79.8,11,4096,1,15,stressed
13:24:07,140,31.2,79.8,11,4096,1,15,stressed
13:24:23,140,31.1,79.9,11,4096,1,15,stressed
13:24:39,140,31.1,79.9,11,4096,1,15,stressed
13:24:55,140,31.1,79.8,10,4096,1,16,stressed
13:25:11,140,31.2,79.7,10,4096,1,16,stressed
13:25:27,140,31.2,79.8,10,4096,1,16,stressed
13:25:43,140,31.2,79.6,10,4096,1,16,stressed
13:25:59,140,31.2,79.8,10,4096,1,16,stressed
13:26:15,140,31.1,79.8,10,4096,1,16,stressed
13:26:31,140,31.1,80,9,4096,1,17,stressed
13:26:47,140,31,80,9,4096,0,32,stressed
13:27:03,140,31,80,9,4096,1,17,stressed
13:27:19,140,31,79.9,9,4096,1,17,stressed
13:27:35,140,31,79.9,9,4096,1,17,stressed
13:27:51,140,30.9,79.7,9,4096,1,17,stressed
13:28:07,140,30.9,79.9,9,4096,1,17,stressed
13:28:23,140,30.9,79.8,9,4096,1,17,stressed
13:28:39,140,30.8,79.7,9,4096,1,18,stressed
13:28:55,140,30.8,79.8,9,4096,1,18,stressed
13:29:11,140,30.8,79.8,9,4096,1,18,stressed
13:29:27,138,30.9,79.8,9,4096,1,17,stressed
13:29:43,137,30.9,79.9,9,4096,1,17,stressed
13:29:59,134,30.9,79.9,9,4096,1,17,stressed
13:30:15,130,30.6,79,9,3901,1,19,plain
13:30:31,126,30.3,78.2,8,3728,1,24,stressed
13:30:47,123,30.1,77.3,8,3592,0,41,plain
13:31:03,120,29.8,76.6,7,3413,0,46,plain
13:31:19,117,29.6,76,7,3208,0,48,plain
13:31:35,115,29.5,75.4,7,2989,0,50,plain
13:31:51,113,29.4,75,7,2748,0,52,plain
13:32:07,111,29.3,74.5,6,2628,0,54,plain
13:32:23,110,29.1,73.9,6,2569,0,56,plain
13:32:39,109,29,73.8,6,2407,0,57,plain
13:32:55,140,28.8,73.5,6,2374,0,44,plain
13:33:11,140,28.9,73.1,6,2296,0,43,plain
13:33:27,136,28.8,72.9,6,2247,0,44,plain
13:33:43,132,28.6,72.4,6,2161,0,45,plain
13:33:59,130,28.6,72.2,6,2071,0,45,plain
13:34:15,126,28.5,72.1,6,2026,0,48,plain
13:34:31,123,28.4,72,6,1901,0,40,plain
13:34:47,120,28.4,71.8,6,1960,0,42,plain
13:35:03,117,28.3,71.8,6,1817,0,44,plain
13:35:19,115,28.3,71.7,6,1749,0,46,plain
13:35:35,113,28.4,71.5,6,1658,0,47,plain
13:35:51,111,28.3,71.4,6,1651,0,48,plain
13:36:07,110,28.2,71.3,5,1652,0,50,plain
13:36:23,108,28.2,71.3,5,1643,0,51,plain
13:36:39,106,28.1,71.3,5,1674,0,53,plain
13:36:55,105,28.1,70.8,5,1660,0,53,plain
13:37:11,103,28.1,70.7,10,1586,0,50,plain
13:37:27,103,28,70.7,10,1622,0,51,plain
13:37:43,102,28,70.6,9,1644,0,53,plain
13:37:59,101,27.9,70.6,9,1685,0,54,plain
13:38:15,101,28,70.6,8,1687,0,54,plain
13:38:31,100,28,70.6,8,1642,0,55,plain
13:38:47,99,28,70.5,8,1579,0,56,plain
13:39:03,98,27.9,70.6,7,1571,0,58,plain
13:39:19,99,27.9,70.5,7,1636,0,57,plain
13:39:35,98,27.9,70.2,7,1612,0,58,plain
13:39:51,98,28,70.2,7,1670,0,58,plain
13:40:07,97,28,70.2,7,1683,0,58,plain
13:40:23,97,28,70,6,1776,0,69,happy
13:40:39,96,28,70,6,1797,0,70,happy
13:40:55,96,28,70,6,1890,0,70,happy
13:41:11,96,28.1,70,6,1859,0,69,happy
13:41:27,96,28,70,6,1829,0,70,happy
13:41:43,96,28,70,6,1798,0,70,happy
13:41:59,134,28,70,6,1727,0,47,plain
13:42:15,130,28,70,6,1729,0,47,plain
13:42:31,126,28,70,6,1781,0,50,plain
13:42:47,123,27.9,70,6,1794,0,52,plain
13:43:03,121,27.9,70,6,1805,0,53,plain
13:43:19,118,27.8,70,6,1768,0,56,plain
