bpm,temperature,humidity,noise,Emotion
86.38665039,27.26255047,0.06401456,37.41432683,plain
76.66231768,30.98929165,0.362771298,60.9397359,sad
98.86128568,26.96073565,0.129276241,43.52045901,happy
125.5331981,27.22961578,0.102204634,41.97311984,happy
76.82823167,31.68824108,0.388828811,58.47114584,sad
74.20028858,30.19516983,0.820016603,67.07945074,sad
112.5719488,26.99833833,0.16390649,47.23436939,happy
109.3836535,26.30235708,0.033072092,33.97252144,happy
115.8072688,26.07622168,0.093662271,38.15716613,happy
70,30.06753807,0.572426267,63.02892554,sad
95.22874416,28.1864711,0.060741344,38.76299215,plain
74.54533947,31.41021201,1.073202345,51.21997183,sad
122.5307595,26.36026,0.163175842,38.44648528,happy
70.87715083,28.0076504,0.02957754,38.48943521,plain
83.65950732,28.07513037,0.047151475,41.2236105,plain
94.07076679,28.54065037,0.036423066,41.09699021,plain
79.01858512,28.17260051,0.022245576,38.36316248,plain
84.32706456,28.19295747,0.061117299,39.40931428,plain
117.5970185,26.66949441,0.14430585,47.8836887,happy
113.7233939,26.58315045,0.051369678,49.14013298,happy
123.9469951,26.58836767,0,50.96694084,happy
116.3326463,26.42322216,0.141127096,45.08942128,happy
71.98879248,30.98868482,0.997563514,74.08218406,sad
120.0942451,26.68223605,0.110847612,36.99507538,happy
79.5836247,31.45623736,0.576483357,55.92091637,sad
81.2598505,32,0.652000062,66.3086806,sad
120.4488623,27.25393091,0.06023805,37.21113567,happy
99.62358579,27.43644661,0.073887507,42.07667781,plain
77.9050171,27.30646644,0.073108377,47.03912281,plain
75.0427802,31.40606529,1.083628063,64.91560331,sad
72.64939626,32,1.035583227,85.70987085,sad
78.99995681,31.52127421,0.87449727,73.58142399,sad
130,26.77668957,0.100316218,41.89049271,happy
107.6040775,26.71550721,0.026528032,46.31380036,happy
75.06042209,32,0.51024079,71.6841215,sad
76.59781082,30.21585968,0.821847904,68.74803019,sad
93.48178705,28.34726345,0.055048541,35.01538408,plain
122.3410057,26.28793745,0.023624635,46.23835,happy
74.21786513,29.80435426,0.581130421,70.59446984,sad
118.5099524,27.42149776,0.100687168,45.43108536,happy
118.1789554,26.19229081,0.145188655,38.51258735,happy
85.93611927,28.11561871,0.037951331,37.42824792,plain
83.73195674,27.68879687,0.078582352,37.12483905,plain
90.27882882,27.79937412,0.047096401,39.09492794,plain
111.8364289,26.41210311,0.060361853,45.61555324,happy
75.3265116,31.6608567,0.879570404,70.1867737,sad
76.391514,31.33886198,0.639985674,50.86913179,sad
70,31.41987511,0.772680592,66.9979548,sad
96.38066982,28.55842274,0.056364714,43.15687745,plain
102.1513788,26,0.042118936,50.4647354,happy
86.47526,28.12866937,0.034196726,38.36091662,plain
119.1764019,26.76390603,0.154862307,42.01733737,happy
86.92142376,27.76530255,0.012788773,38.9047516,plain
88.23129857,28.01527674,0.046336613,37.66228187,plain
80.39582668,28.24820499,0.056172768,36.22173652,plain
87.74788497,28.73180958,0.058063237,38.94575787,plain
118.9893107,26,0.086738544,50.64447054,happy
123.4833781,26,0.133482021,44.79312387,happy
84.66435197,32,0.831782534,77.87307439,sad
100.9677164,28.46271631,0.041092143,34.38521494,plain
75.40136496,30.00200868,0.68024715,73.18515446,sad
85.09899795,28.9637826,0.040106705,39.07616229,plain
102.4057193,27.87449723,0.078159419,33.83815682,plain
103.470327,28.3030435,0.085425866,33.0745808,plain
95.58333486,27.87657204,0.041319221,40.67595706,plain
88.98131535,26.62349847,0.109467623,45.94312724,happy
76.52948493,27.79503582,0.041485422,39.64560017,plain
102.4415379,26.99831992,0.066637611,41.94661032,happy
90.17687483,27.97072674,0.031430717,35.78327326,plain
89.98278812,27.75827387,0.057823079,36.6024093,plain
111.5662717,28.14782334,0.053513121,42.68150481,happy
77.69356633,27.94327914,0.066410331,42.80602813,plain
111.5918242,26.65165514,0.144330521,47.68489058,happy
78.60890229,31.39277682,0.511812936,85.03372091,sad
73.61958391,31.02114582,0.523854151,76.02007296,sad
96.83525717,28.58572754,0.054331674,38.57535983,plain
117.9135233,26,0.083088512,43.49420433,happy
70.64335923,32,0.612840143,72.64700442,sad
88.16378465,27.86156366,0.049750264,43.54596724,plain
72.03164646,30.4990613,0.900896187,69.33381032,sad
115.7104086,27.22111628,0.066685591,45.20911891,happy
91.86045356,27.56872514,0.041408478,36.59323184,plain
70.96441808,31.11767148,0.26102356,63.61345574,sad
119.0767373,26.91064692,0.038611743,44.21720351,happy
95.86882673,27.73733562,0.066138408,34.58691305,plain
95.27037136,26.96588144,0.133352421,47.10244579,happy
91.97177612,27.96700421,0.033741498,38.7506103,plain
98.27711173,27.9023157,0.049258954,38.11136967,plain
94.75206781,27.33890925,0.049874619,37.64504802,plain
70,29.52656314,1.143991428,68.72925366,sad
130,26.29322038,0.082297959,45.58462652,happy
76.55506598,27.7975629,0.076085427,40.33278492,plain
88.13630589,28.20462554,0.090742735,34.43846034,plain
84.58446963,27.23267242,0.051580542,37.47986348,plain
115.8806302,26.94373865,0.111334229,45.90072862,happy
87.90964156,27.61213437,0.068142088,38.14263188,plain
71.91363733,30.47345254,0.527183454,72.81355253,sad
97.88352505,27.7754514,0.044076199,36.27411952,plain
110.5751168,26.9881995,0.088680057,51.76749638,happy
119.685593,26.10219573,0.103766028,36.2750773,happy
75.96946465,30.28313039,0.95490572,75.41860277,sad
95.89643394,28.08465886,0.038621006,37.85555823,plain
76.62911307,28.96902715,0.038257114,40.2008917,plain
71.44287613,30.28715146,0.539348908,66.26482638,sad
78.29782725,31.42552532,0.524727939,62.31269175,sad
87.17035268,27.73066786,0.007696244,35.60209024,plain
73.2530709,30.90851134,0.395263012,66.09250426,sad
96.07286835,27.77869691,0.077065414,42.53120482,plain
107.1539274,26.68345289,0.125265598,46.14634036,happy
128.547035,26.92616797,0.123837889,49.86646041,happy
113.3181668,26.82460822,0.115708563,42.56540657,happy
120.4086228,26.08544317,0.153793776,43.84606999,happy
128.7609305,26.3515148,0.149349931,49.88331926,happy
88.97484698,27.63902684,0.038091032,36.81856171,plain
112.9687476,26.66351315,0.123784642,45.07306746,happy
115.591417,27.02312466,0.088855193,44.62857574,happy
117.5984192,26,0.107578628,46.25470603,happy
108.3206416,26.65173181,0.138920523,41.97720204,happy
85.8431621,28.89332681,0.051692342,32.07491875,plain
123.8813112,26.63041779,0.084059983,44.9583944,happy
80.16673524,28.21400272,0.036644514,37.84253805,plain
85.39964628,27.6689924,0.065404196,41.76518484,plain
114.0335767,27.48485582,0.106879765,47.61143642,happy
115.3536092,26.31391043,0.04797783,47.29750915,happy
80.68070583,31.16284491,0.982141507,67.1984618,sad
84.03840687,27.72688577,0.031751762,38.14440391,plain
101.384653,26.3974792,0.082631097,53.24627517,happy
106.2192324,26,0.137569637,43.09506873,happy
120.2616196,26.67580724,0.068091222,37.91372556,happy
77.14703236,27.24484351,0.043047563,42.2230239,plain
76.47563974,28.04303705,0.024623566,37.18408828,plain
126.3280262,26.22466642,0.15113263,35.48154675,happy
118.8389898,26,0.127115679,50.18082217,happy
79.72898943,32,0.658671095,78.45286683,sad
89.14792594,28.4892703,0.05390885,36.5964554,plain
112.7019859,26.97876803,0.12378123,38.97763878,happy
115.2098516,27.12045781,0.111288657,52.18405347,happy
95.16428919,27.74913001,0.040356702,45.62165854,plain
117.5765416,26,0.11144227,49.64785984,happy
101.7855347,27.84770979,0.043041017,35.31363861,plain
83.33553895,27.95551987,0.027450517,43.13906984,plain
112.3029981,26.83796929,0.127040053,48.31171352,happy
92.33251768,28.54802017,0.043584046,36.29984756,plain
85.91632975,27.36974723,0.031053676,39.72996886,plain
71.41504339,30.31746119,1.135421174,72.0541993,sad
85.76721198,29.52452449,0.744478384,63.59068282,sad
99.77293472,26,0.151625224,43.23980151,happy
82.99721962,27.40290316,0,42.63923896,plain
75.93713237,27.58021691,0.040563118,40.23143039,plain
97.40041039,28.20358478,0.063132461,40.22566428,plain
121.6918888,26.85030459,0.127030526,44.15276084,happy
98.63694748,26.64791446,0.119744818,52.85070722,happy
85.23336252,28.10868586,0.003255309,41.1715907,plain
104.2188284,26,0.07469739,45.62815349,happy
83.6019685,28.07608054,0.038353025,37.42674049,plain
73.40659525,31.71891353,0.713242836,70.4375801,sad
106.5240752,26.5842174,0.06310286,38.13526579,happy
96.85067729,27.94313004,0.026669763,38.32505423,plain
77.27455149,31.46584424,1.044562504,68.85668052,sad
106.7821817,27.52565533,0.070366971,36.39416732,plain
89.05970315,27.86983676,0.066000611,35.88243926,plain
82.62416474,27.39272789,0.091775651,37.78350948,plain
73.45558399,30.82815052,0.720003333,64.58291308,sad
75.10170408,31.38189527,0.684889856,72.77166404,sad
130,26.21137361,0.190575715,32.77522778,happy
117.8090359,26.43365315,0.113106954,45.95612207,happy
76.53717267,30.28309163,0.914206792,73.01597429,sad
85.98270911,28.30920041,0.071747557,35.7983245,plain
83.62020861,27.64215625,0.062019966,40.70440582,plain
106.1389312,26,0.134209933,37.94326549,happy
70,30.45753697,0.385378387,77.4717401,sad
100.4059922,27.86614832,0.053685387,30,plain
70,31.80276618,0.413882299,66.81999592,sad
113.7035525,27.15098067,0.082424389,42.80785497,happy
77.28355146,27.45613337,0.051259234,41.63641573,plain
94.54605643,29.25904061,0.076199583,40.13621535,plain
76.3878577,32,0.73367552,68.91393539,sad
71.78389516,32,0.660392257,67.07104221,sad
130,26.2151004,0.159721534,47.28485045,happy
91.08268946,27.61106555,0.025075694,35.18108166,plain
130,26,0.088603116,48.43935402,happy
70,30.47672593,0.480429587,70.26254124,sad
87.2802723,26.78321674,0.083710279,41.38045443,plain
82.25026846,31.83982709,0.668697815,78.36296713,sad
82.88677732,28.68541132,0.020126745,40.71914863,plain
71.07108113,32,0.469393656,61.41463402,sad
72.75237141,30.11277889,0.599572698,71.77899413,sad
74.00043059,30.53807655,0.366060696,74.72225061,sad
113.4213757,27.11687726,0.18074801,38.77549817,happy
98.12026984,28.24193061,0.020362594,33.18722591,plain
70.64010545,32,0.811399768,69.24297265,sad
120.0841705,26.64161759,0.052022657,46.38306099,happy
78.95656913,30.48741789,0.742760912,63.69965793,sad
109.2609102,26.18096313,0.033011825,35.5639003,happy
76.70177597,31.20267423,0.802913165,77.52413372,sad
88.6760699,28.15739676,0.047221326,45.13828509,plain
114.3543389,26,0.257557403,43.82142979,happy
102.9680714,26.13446192,0.071914292,46.86113096,happy
119.9689432,26.43680198,0.122624746,48.47235235,happy
72.08446064,30.40976486,0.77926065,56.61264869,sad
70,31.55738135,0.038254231,50.87799278,sad
81.31875414,30.56873328,0.589324599,70.2516727,sad
130,26.57593918,0.109871894,47.01337446,happy
113.1359667,26.2957767,0.094998322,49.58225656,happy
81.64158248,28.49796162,0.063045116,39.06521443,plain
107.9250095,26.46843782,0,42.63181055,happy
93.08045508,28.2216464,0.018302898,35.97069261,plain
106.5038003,26.60030161,0.178971083,40.00387419,happy
88.41988889,28.38922695,0.058759084,36.8133841,plain
72.26533403,30.8688218,0.760172226,60.22237488,sad
92.060105,27.67874116,0.043123398,33.77406994,plain
72.66482575,32,0.851364921,70.80429025,sad
91.26059873,27.67816827,0.086730485,40.15351597,plain
91.97419891,27.5168481,0.081518365,34.61637048,plain
99.99969989,28.07676947,0.037765399,34.56905423,plain
130,26.9062789,0.139594445,45.9409107,happy
118.1462066,26.25336815,0,33.66314125,happy
116.3510388,26,0.076086963,49.08617399,happy
74.08368074,31.04113781,0.751556856,75.38647806,sad
80.21481348,30.81846265,0.896889469,68.72849042,sad
128.086429,26.88348169,0,41.06869056,happy
109.2410334,26.56361544,0.135723897,35.89732099,happy
92.48187328,28.71287282,0.064290684,36.35392761,plain
77.12803841,32,0.474458655,76.29863481,sad
84.7969707,28.57503692,0.076414699,38.44833437,plain
100.5772525,27.18170243,0.056890769,42.08903749,happy
111.0532932,26,0.058167529,31.02227699,happy
77.83201023,32,0.813089978,61.17112669,sad
79.9641112,29.65937631,0.841179063,69.333189,sad
83.74486687,31.41050763,0.33353592,69.30525781,sad
127.0738369,26,0.132786396,50.57270254,happy
71.97397034,31.29004301,0.678599197,70.366286,sad
70,32,0.620799828,67.89244956,sad
73.17339317,31.74080111,0.244564355,77.28980984,sad
122.142236,27.71452616,0.048457189,41.67908007,happy
117.3190594,26.97077303,0.108613185,37.4132814,happy
117.4481907,26.02237213,0.101951582,53.26327949,happy
72.45872086,29.98081768,0.862516827,67.0977594,sad
108.0808449,26.83669184,0.092258292,52.50476616,happy
87.94714095,28.48382574,0.049509877,34.94557988,plain
86.9388133,27.03205844,0.0354464,39.6610209,plain
97.57307152,28.43591294,0.051626454,37.56143353,plain
72.98408814,31.34280843,0.676080774,69.46894569,sad
90.88663186,29.35775039,0.01824657,36.34599047,plain
70.75779435,32,0.996846048,76.32042807,sad
86.9138285,28.39273598,0.064972629,34.74592464,plain
93.51682002,27.80603761,0.052311816,35.2811027,plain
117.7110964,26.73196177,0.089400314,53.06637918,happy
89.35299332,28.19173448,0.067658486,31.99585397,plain
121.2155896,26.17428034,0.028305821,39.88763795,happy
82.72463594,27.91838368,0.059148331,39.94409358,plain
89.61820448,28.17367734,0.098422815,37.32645378,plain
128.6574166,26.28979475,0.104606401,51.50459132,happy
80.77730911,27.60489996,0.040600552,35.29752339,plain
77.20099374,30.8824054,0.888965749,73.48064525,sad
83.36037383,27.28620724,0.052639789,37.67017633,plain
72.44078722,29.89158782,0.713310371,59.86519737,sad
78.80145068,27.99920635,0.055402682,40.15573747,plain
113.7933448,27.20307151,0.189335324,42.80362798,happy
90.61454196,28.99571132,0.042037332,43.30424049,plain
86.92695548,27.31682739,0.041482382,36.41588265,plain
117.4030307,26.26524528,0.090331074,52.73296669,happy
78.08033444,31.83563774,0.714498076,71.84794808,sad
95.04309651,27.89632261,0.062781484,34.38242272,plain
94.559784,28.48079535,0.041718326,31.06481511,plain
130,26.95338652,0,40.44457587,happy
97.6987573,26.40927194,0.17608182,38.28406351,happy
121.8259045,26.59081942,0.098637966,52.97462287,happy
101.9056818,27.3587951,0.164879724,42.12321832,happy
78.44650687,29.29279191,1.054133179,78.3600098,sad
110.6679762,26.14293083,0.158049929,49.10523791,happy
99.56330574,27.17858881,0.06259949,38.85523745,plain
98.79775521,27.75048063,0.040451365,38.27758365,plain
114.5354464,26.0377744,0.068937074,46.72466059,happy
70,32,1.027997624,76.75682371,sad
122.5244864,26.13494199,0.040908935,48.62604991,happy
70,29.87343103,0.960526447,63.92938692,sad
75.34920448,27.86714939,0.097393838,36.23503628,plain
73.04620246,31.51348004,0.649839489,69.25921903,sad
80.82250977,27.38273532,0.027764995,37.0564531,plain
123.3355864,26.01317297,0.081169683,51.02028274,happy
107.7372593,26.86941063,0.111118924,47.6161304,happy
70,30.52710884,0.727758901,59.10573465,sad
109.7191264,26.77685641,0.09227813,48.0153521,happy
80.08601464,31.37731894,0.746437689,68.33467846,sad
101.5319228,27.27072305,0.055783353,48.45774694,happy
90.32461318,27.41482842,0.061442176,37.8236308,plain
87.56520683,28.43501637,0.070240886,36.73970612,plain
82.23900892,28.48527402,0.732689658,67.85846729,sad
76.47527332,30.20448096,0.493097957,75.0879852,sad
117.299298,26.95326884,0.055975501,41.93642117,happy
76.92738859,32,0.684065511,65.69190468,sad
106.758059,26.1792112,0.048581935,52.86428731,happy
84.7558041,27.74737587,0.05519536,42.16020246,plain
126.2747689,26.38360297,0.034005404,43.53319688,happy
72.63950485,30.89069872,0.904287529,60.33494541,sad
113.1502567,26.88857453,0.250236229,46.22629765,happy
84.34448145,31.66266839,0.77650918,76.38187596,sad
93.90106995,29.23347788,0.049430557,41.40506323,plain
82.26999768,27.77740932,0.073967914,34.12097237,plain
125.6143756,27.00906099,0.205161868,51.41385291,happy
72.01895018,30.76215672,0.857560725,85.05341145,sad
89.32286396,28.16101445,0.015238086,34.92318235,plain
101.9516812,27.74666516,0.033075416,34.51686266,plain
123.5944961,26.13308133,0.117436661,43.17028835,happy
88.03308448,28.15756074,0.070648725,40.67656981,plain
112.3892234,26.34510727,0.088115511,42.98098266,happy
76.70182733,28.17696109,0.064874882,38.8031983,plain
81.6705025,30.61528725,0.660601999,72.27681758,sad
77.71128136,31.34351966,0.87237777,58.71168831,sad
90.7781244,27.26547086,0.047010941,41.61245795,plain
117.8626601,26.98139173,0.176695781,43.6200886,happy
106.6073333,26.01339176,0.201530879,36.56595656,happy
91.48634694,27.98006593,0.058135393,37.59004815,plain
85.1674648,27.56828124,0.068801588,39.66939845,plain
110.5965112,27.57365212,0.048641785,37.71654079,plain
88.92935393,27.37364796,0.054381421,43.20930184,plain
77.14948189,31.32276906,0.863057152,52.51416298,sad
70,29.72310057,0.467670674,63.37405102,sad
84.06338252,28.56783729,0.06953293,40.02287409,plain
106.9132023,26,0.060880779,40.49440263,happy
111.6877867,26.81408596,0.126577367,41.16155009,happy
76.36489613,30.21686978,0.575314545,65.58521335,sad
92.41189209,27.67499677,0.090784742,41.81259514,plain
81.02013028,30.13901628,0.871193664,77.95411933,sad
70,31.35339213,0.891161196,71.34731542,sad
82.89503377,27.35531191,0.062654482,38.18369907,plain
72.10470868,28.96681345,0.722297787,76.01847044,sad
97.42713271,28.60678798,0.03512012,32.09879623,plain
72.35801249,32,0.886344662,70.42406737,sad
75.93986152,30.10662472,0.672321569,74.69771754,sad
75.7274579,28.00722563,0.046613396,36.740748,plain
92.80812333,28.26872515,0.026141656,41.15546148,plain
107.5862973,26.50871021,0.068491362,47.04641416,happy
75.38827677,30.25672396,0.467400383,68.30653307,sad
81.99874986,27.56358193,0.017336484,40.39018267,plain
105.0026257,27.81313822,0.051007853,36.1204312,plain
108.244342,26.20156205,0.066807356,54.17110786,happy
72.98742535,31.27118277,0.83912215,72.41732998,sad
112.9553275,26.96435445,0.164932683,45.88127486,happy
102.7155882,27.21859137,0.080783542,50.15028678,happy
85.55424263,27.7561956,0.060547447,37.31289835,plain
122.6420615,26.77937306,0.142758625,39.21702445,happy
79.52059833,29.28375183,0.843101355,82.46091133,sad
74.24981277,28.07677304,0.083419867,35.35005619,plain
70,32,0.578176964,73.9752699,sad
130,26.06529934,0.067104946,40.11198848,happy
91.9795252,28.27109296,0,38.45925939,plain
124.8625577,26.50645184,0.065530933,45.72524029,happy
78.71674232,29.52343547,0.650969989,59.33883028,sad
94.7400756,27.79619895,0.039200532,37.3747956,plain
79.01770301,31.92217381,0.84264154,65.48767294,sad
95.8219259,27.48911399,0.020670066,42.90183991,plain
130,27.25714972,0.109613275,52.80547732,happy
118.2540997,26,0.125296507,35.71946139,happy
120.4674822,26.7163231,0.154116975,49.48843343,happy
79.05358111,28.66515432,0.040399994,33.4199709,plain
87.73970109,27.29288993,0.048799823,34.91605308,plain
79.98783282,31.69880654,0.537390305,73.09797657,sad
96.26955194,27.75792134,0.037341882,39.78013025,plain
84.77915275,28.00278281,0.025926552,39.18185387,plain
105.2077777,26.48109839,0.022539675,41.70418879,happy
84.76399181,27.61070475,0.053670123,38.4176647,plain
118.5077265,26,0.215406561,39.43990359,happy
122.4407125,26.27362704,0.058053996,38.768873,happy
70,29.61624331,0.734131002,70.97815032,sad
78.43561642,28.43877595,0.073383722,37.36062775,plain
93.83476921,28.24706555,0.081327699,34.00560563,plain
121.3692771,26.35267752,0.032314,40.52513234,happy
77.12325005,30.75824271,0.890161604,66.33625079,sad
72.0982723,30.93419226,0.675935097,69.988491,sad
116.7774274,26.62686211,0.061259808,39.51790644,happy
80.57225477,32,0.46427497,73.05126324,sad
111.2490422,26.40606225,0.100003621,47.55103634,happy
76.55682745,30.77563486,0.577503799,81.78013739,sad
98.81193293,26.19472897,0.160730729,43.4052051,happy
70.26417171,31.11632405,0.677325725,65.05156503,sad
77.5361092,32,0.401231291,66.52159703,sad
121.458469,26.57359477,0.126512733,44.35959524,happy
72.35690782,30.31216073,0.598546494,72.69233513,sad
125.1273501,26.4197218,0.150927307,47.9298013,happy
70,29.36410898,0.616726942,61.92924631,sad
83.10010695,31.78427679,0.937839573,60.28296689,sad
92.82147917,28.57832899,0.071957123,37.13090818,plain
70.22366253,31.31186769,0.509220441,81.87622403,sad
70,31.91635418,0.667832148,75.61604351,sad
113.3799805,26.41401727,0.0444358,41.55009979,happy
114.8354719,26,0.078354606,43.46878686,happy
77.65491631,32,0.408200974,66.39806706,sad
126.4591345,26.37660791,0.104767328,36.88251967,happy
120.1813192,26.22999572,0.136826554,50.1179294,happy
114.5449811,26.51691625,0.064893337,45.82122011,happy
118.6102849,26.41372624,0.067021994,43.64742438,happy
128.127253,26.37942535,0.117288631,44.52770539,happy
86.264231,27.47052608,0.05389785,38.3121692,plain
105.5769283,26,0.039877027,41.51424877,happy
123.2754927,27.3732696,0.083176346,46.21009766,happy
91.97561477,28.51488076,0.064566399,35.72218341,plain
100.6427782,28.09867341,0.105790864,39.77375871,plain
90.51318243,27.72090313,0.020773907,38.31575417,plain
78.19195381,31.54228789,1.059026723,74.53221267,sad
84.99056018,29.87062794,0.816369732,87.67456728,sad
92.93288506,27.90381383,0.076664063,38.24866304,plain
95.46143434,27.0249559,0.054151281,35.47678176,plain
99.99982635,26.11143202,0.180177664,40.44225857,happy
122.6299697,26.55970647,0.088036578,43.15509607,happy
84.17238916,28.3958871,0.039885769,34.16278784,plain
110.9648618,26,0.196495132,42.0624409,happy
121.2548353,26.54389907,0.003592825,43.10886537,happy
73.62869577,32,0.841874169,43.80118998,sad
81.46488228,28.79098361,0.039178385,38.69413514,plain
116.8429896,26,0.087326704,50.85863678,happy
117.6597464,26,0,46.47945263,happy
105.3524831,26.66491737,0.135599834,52.87350767,happy
96.94025613,26.36210627,0.066817028,49.449957,happy
77.65285199,27.68075489,0.049992426,36.91614303,plain
101.8482159,26.15990076,0.094663294,51.52152506,happy
99.88059584,26.65181534,0.135328632,39.32526066,happy
85.96446489,27.86506615,0.058857719,40.81802055,plain
86.04211574,28.41829636,0.060409604,36.62288696,plain
109.5660381,28.39306822,0.048487159,38.15466131,plain
109.6831726,26.59590487,0.105399107,40.0352065,happy
72.77259842,30.35318071,0.59464141,70.26472389,sad
111.8522258,26.16656173,0.09490333,40.51671486,happy
114.4984887,26,0.004968314,45.63869746,happy
79.12618577,29.25070575,0.475821698,61.60425362,sad
79.95607654,31.44177181,0.544620335,62.12904344,sad
125.1072381,26.30826176,0.106627258,44.54797415,happy
89.35745301,28.32929477,0.065469466,46.81600108,plain
104.3571124,26.04014448,0.028666663,49.0822275,happy
125.072375,26.94272923,0.13129922,44.91759025,happy
99.80329008,26.33072677,0.102884304,44.26347503,happy
117.9112223,26.2993351,0.021334717,36.94052067,happy
70,28.30628579,0.022826578,42.20681991,plain
70,30.69480452,0.810918777,69.24780997,sad
78.66118723,31.22168885,0.843885151,74.47500477,sad
78.98722604,32,0.64678718,82.24050403,sad
92.01936,27.90167113,0,33.65925667,plain
104.3888851,26.51719316,0.12329257,46.67605361,happy
101.6845615,29.13641378,0.057742472,34.62090188,plain
70,29.90299799,0.807193516,67.55430654,sad
129.4255876,26.54977515,0.077422671,47.21819912,happy
97.42406874,28.59978238,0.023953936,40.77358322,plain
119.0507901,26.9220978,0.081697667,47.66885894,happy
76.90568727,32,0.495591305,70.6224441,sad
71.28402619,29.70493199,0.881380855,67.61547104,sad
94.89375625,28.53576781,0.021229738,38.37345763,plain
70,29.61516209,0.785846338,75.42535316,sad
74.92165078,31.66588994,0.866707341,71.53043609,sad
113.7373092,26,0.174408274,53.89764426,happy
74.47492569,31.31035469,0.754785697,72.76804836,sad
109.4933566,26.30180322,0.153990869,48.71856628,happy
103.0594347,26.70713113,0.051476906,41.31671024,happy
129.002527,26,0.097261567,42.19421458,happy
114.2838701,26.61634074,0.08010715,34.74398313,happy
111.6853574,26.33081701,0.035770644,37.72601044,happy
70.46124013,29.22509366,0.715988256,63.35343641,sad
75.24380788,31.39124057,0.877620134,68.58820084,sad
116.5933382,26,0.100683205,45.0316936,happy
130,27.21936643,0.111230034,36.52644783,happy
81.15415215,32,0.429985121,78.9890013,sad
76.60185336,29.41609545,0.232767921,64.58898911,sad
109.4328176,27.01715686,0.098889767,47.40669158,happy
72.30643689,31.51183492,0.781169163,75.87239733,sad
84.35583125,27.87680782,0.068087716,41.20890952,plain
101.7856086,26.49073223,0.101361267,42.4556078,happy
73.38391649,31.66448117,0.867229027,63.07952663,sad
107.3451542,27.80662355,0.093389161,34.70342391,plain
130,27.12641496,0,44.48198615,happy
97.14130807,28.08613738,0.028595687,38.38628579,plain
119.4998867,26.57596688,0.021693181,44.54271556,happy
74.34945765,30.09272753,0.610818569,54.90998292,sad
99.46472884,28.46345287,0.025117122,38.12328329,plain
124.4651692,26.38833955,0.048756252,50.40443982,happy
85.17485232,27.83612793,0.047491161,36.59535995,plain
121.3314931,26.53745446,0.163407767,49.33706276,happy
110.9600689,26.65962779,0.08161515,50.44198601,happy
101.9664231,28.48002404,0.047476182,37.98316292,plain
72.57860249,32,0.553680209,60.94222732,sad
123.9304534,26.22659937,0.122669797,41.7313786,happy
107.4161626,27.0377203,0.049614406,43.43013319,happy
76.41044334,31.51040473,0.648113389,78.10576232,sad
92.31723769,28.73338222,0.016089268,39.2693551,plain
130,26.48358338,0.08341242,39.79940397,happy
104.6580638,26.43231197,0.172285253,50.82607751,happy
83.20493176,31.89645191,0.660754947,76.05323211,sad
108.2655385,26.06152557,0.033493635,48.1871325,happy
80.75518043,30.74079817,0.851486944,71.19199808,sad
82.08755222,31.21491839,0.210020348,73.13379912,sad
78.79073147,30.96519763,0.348302034,71.66859656,sad
70,32,0.591927031,79.89295296,sad
76.54763247,32,0.866467555,62.41000474,sad
72.70779178,31.29512107,0.777277446,67.59478648,sad
83.48161115,28.38494672,0.038807278,34.95949106,plain
90.61900593,28.41131871,0.071967583,38.2810315,plain
70,31.37892818,0.406190318,74.18453053,sad
125.9811598,26.93560239,0.076529564,46.13661236,happy
74.33346914,31.19725711,0.79333983,67.57318152,sad
107.5573963,27.92205831,0.014802989,36.52726821,plain
74.69961444,30.21727442,0.458094708,74.58012139,sad
106.4727544,26,0.177650544,39.57620694,happy
130,26.61173636,0.068426773,36.81109387,happy
75.27366347,31.72771092,0.555848258,77.81275137,sad
81.99145482,32,0.793757552,73.86223716,sad
74.11619626,30.67883007,0.75283705,65.3278258,sad
116.9305627,26.12896186,0.094638582,46.78883075,happy
83.27240507,30.68650736,0.642874013,55.7025924,sad
76.10599272,29.41290812,0.594239959,83.10983207,sad
75.02804199,31.8509011,0.709563281,75.58341327,sad
82.86324418,27.6640957,0.046392463,39.04724968,plain
111.2198984,26.98333715,0.048157328,40.7674938,happy
112.3442827,26.22763289,0.112397925,45.13462704,happy
123.0031799,26,0.138895489,39.72598305,happy
74.65802598,32,0.626486034,62.11680274,sad
117.0098245,26.84942319,0.134165367,45.88198695,happy
98.92379697,28.62082149,0.021232984,34.83101226,plain
95.34517982,28.48116218,0.096706789,40.36971476,plain
90.43665825,27.6437847,0.062371774,38.42271357,plain
112.194836,26.26944878,0.092145625,43.67330629,happy
70,30.1129012,0.778162681,87.9917203,sad
74.73384987,30.67065332,0.634092461,82.35773934,sad
130,26.91961174,0.025519502,50.18388875,happy
79.17017167,31.62393555,0.537221558,70.52533838,sad
102.8919975,26.51860966,0.101103973,43.61925627,happy
93.79179949,28.29352557,0.068778776,41.24796956,plain
80.46682019,28.36018615,0.075790709,42.64435265,plain
100.7704775,28.25234672,0.028850017,37.05803256,plain
89.1768969,28.02940541,0.026646886,33.61809191,plain
79.07770101,31.83190748,0.627936965,52.79743796,sad
99.34943635,27.96884879,0.060164019,39.05527982,plain
128.8793642,26.41181612,0.130420041,47.39676243,happy
108.031404,27.73680206,0.019069831,37.22030591,plain
79.47498511,28.64589948,0.058408117,44.92233765,plain
126.0248853,26,0.118937666,41.36081577,happy
77.19748373,29.39765104,0.582025053,90,sad
116.904231,26.99657818,0.157730872,46.72947936,happy
113.9927215,26.33019144,0.148336154,42.57230886,happy
70,31.8652428,0.778193009,64.50931803,sad
84.58778776,27.85803191,0.00744549,38.21724312,plain
130,26.80471857,0.096803718,45.76578302,happy
90.35901394,28.27599459,0.031585917,37.59592718,plain
99.913489,26.87802692,0.084441981,43.43738187,happy
123.7250984,26.62314504,0.106231309,53.64512109,happy
80.67994824,32,0.84197405,78.06385251,sad
99.26513398,28.24681295,0.029259589,42.32174269,plain
79.46260363,31.03489858,0.642099664,55.06667791,sad
71.62637806,31.76633327,0.335839463,67.17754925,sad
123.8939301,26.78929389,0.130059684,46.37209519,happy
96.41418582,29.16980499,0.079373129,42.87383469,plain
71.43297345,32,0.940657974,70.34950062,sad
111.1697032,26.81571785,0.1531045,45.31338258,happy
76.33160152,31.34170281,0.525638926,68.95429803,sad
70.3030358,30.91884013,0.698066377,70.04050892,sad
92.42270352,27.7266392,0.02575596,31.48791423,plain
71.40928231,29.29151422,0.645522092,80.1201241,sad
70,30.83498166,0.685300929,64.35701342,sad
116.2361014,26.3197224,0.146696292,49.5754898,happy
109.0077891,26,0.045256367,49.95019825,happy
99.0738893,26.63124734,0.132047557,37.59869114,happy
97.95570641,26.01018341,0.098500258,51.36552646,happy
74.49949797,30.36997412,0.598699183,71.32768442,sad
96.57222347,27.20418733,0.047120174,35.60118557,plain
70,30.37523704,0.55538102,55.36047383,sad
79.79002357,32,0.765542646,70.28316045,sad
106.8385421,26,0.134202894,45.44784642,happy
77.334074,31.05209566,0.819771785,66.88071277,sad
91.80654889,26,0.1621224,47.87097497,happy
87.77407091,28.24484454,0.04978799,39.54298348,plain
75.08697261,31.65770615,0.995735007,73.01653747,sad
105.9783075,26.97986143,0.074448997,44.47876009,happy
83.98676412,32,0.459920452,61.75730463,sad
74.72984553,29.82478717,0.514843842,84.32483839,sad
98.59835404,27.24130788,0.048617189,38.4412816,plain
86.03734931,27.8147142,0.016641145,38.53456444,plain
86.39020221,27.70692914,0.052904486,36.30429693,plain
79.38528854,29.04177831,0.312701774,75.31911416,sad
121.7492442,26,0.100916069,38.50566166,happy
99.12502116,26.3458481,0.146245508,40.85812855,happy
101.5436941,27.71825434,0.068022208,41.6622038,plain
71.59789555,29.89333874,0.57097408,73.97774764,sad
98.12055905,26.46883012,0.169684671,43.60812656,happy
70.7817611,30.27698038,1.019780494,70.2744339,sad
79.52036959,28.23895444,0.041305757,38.53361207,plain
82.35056263,27.51924891,0.053976209,39.79054649,plain
71.81272045,29.69710051,1.084802337,80.4708307,sad
73.61377184,30.82523387,0.426965078,69.7960877,sad
84.79667582,30.05989965,0.565448735,79.04314868,sad
79.78088615,27.92761683,0.05214709,31.71903486,plain
73.16743208,31.08326835,0.859282473,83.790846,sad
95.09162421,26.98082041,0.041629655,44.5172765,happy
120.1028875,26.36226872,0.073618288,49.45879198,happy
113.8128287,26.44422498,0.06928111,42.21704261,happy
74.19326751,30.14960478,0.701343787,60.17209707,sad
94.27084568,27.99115813,0.014449944,35.39494656,plain
78.49819776,31.19207695,0.668609686,67.52406118,sad
79.33369374,31.54716562,0.777935962,71.5047668,sad
115.7357678,26.65614816,0.177565298,44.03153553,happy
121.0823095,26.34047297,0.092592704,48.75678126,happy
89.07722531,26.49787719,0.149679758,53.57914992,happy
98.04746462,26.83683751,0.115970662,35.45961257,happy
70,31.16017967,0.903725401,77.28744544,sad
103.6039632,28.99240222,0.019653079,34.138496,plain
87.93031164,28.00302563,0.043037258,38.22819225,plain
98.18220721,28.27383507,0.037202772,38.5176963,plain
107.634262,26.40410112,0.139424877,46.90228817,happy
83.79026449,28.59508756,0.037768723,42.97535711,plain
82.70316495,31.63502797,0.543543304,61.20584572,sad
84.9520545,30.57341821,0.614504549,58.86604481,sad
92.90069213,28.55635632,0.05984292,36.53891564,plain
95.38350257,26.22336705,0.098698964,36.39081932,happy
70,30.67685658,0.722902343,60.74190991,sad
87.81561593,28.76401614,0.087576466,30.3083722,plain
91.67279961,28.72259315,0.094279352,36.5514524,plain
78.29397878,30.58074917,0.686837596,59.86377887,sad
98.78381611,28.27253909,0.016657997,36.43756325,plain
84.78821262,27.92849164,0.038986981,47.83895104,plain
72.92749359,32,0.597043338,62.36173943,sad
90.69787259,28.10930423,0.027131798,35.47494667,plain
108.5166367,26.86926741,0.096453403,39.42415034,happy
85.65233544,28.73640434,0.066581138,36.90468321,plain
104.4674701,26.50923057,0.148564193,45.78599941,happy
101.123863,28.46315994,0.082203631,35.00468327,plain
84.6778959,30.60291039,0.415248347,79.97075186,sad
96.15386331,28.50181055,0.061222144,38.25227312,plain
86.88822712,28.32942857,0.062802768,39.52040966,plain
117.2581414,26.09595421,0.136248947,49.63623494,happy
91.2119097,27.73793727,0.067603625,35.91286508,plain
112.0759046,26.66368597,0.167671746,44.93631442,happy
99.7340901,28.09757122,0.000100334,39.13877805,plain
93.3152398,28.4437294,0.051645548,38.11549537,plain
104.6866292,26.67327853,0.194967924,36.18081564,happy
127.7393552,26.06994233,0.139141049,43.21779175,happy
126.2745638,26,0.122424671,41.55643815,happy
78.34594886,30.91542183,0.577673168,76.04681828,sad
102.9916058,27.06319559,0.084875146,44.77905846,happy
82.62000456,27.89664007,0.06627281,35.43444608,plain
107.4587196,26,0.15103219,47.99262187,happy
83.5957762,28.25026331,0.041673867,36.65630413,plain
70,32,0.945260371,74.02274765,sad
80.78966626,28.02663252,0.053058996,39.2745118,plain
115.0796069,26.92541379,0.11055013,46.80140272,happy
84.47067342,31.04156641,0.35474997,89.20127959,sad
70,32,0.798023394,64.25937245,sad
70,31.23037266,0.873209314,64.93768475,sad
71.37628133,30.18249894,0.901794467,82.91484105,sad
90.76907727,28.91854529,0.04080511,39.94874751,plain
81.49829703,28.31770321,0.061116319,36.9683268,plain
103.4786178,26.21978615,0.037277941,47.51426072,happy
74.61487338,32,0.379232291,89.04715901,sad
91.91129844,27.82438333,0.028327433,39.33953045,plain
104.5025799,26.94037053,0.090752933,40.63943377,happy
122.3758311,26.81970235,0.076110083,43.91097903,happy
120.901777,26.85240749,0.060251744,46.71638818,happy
112.3509368,27.02190252,0.068687777,42.02171754,happy
83.93904995,27.14281065,0.067173837,38.80104856,plain
85.15280803,27.63477605,0.04764405,38.58932225,plain
107.6589438,26.09104534,0.204216909,45.74966181,happy
93.7202802,26.85572257,0.061824285,37.96870334,plain
71.79423946,31.0383781,0.560887566,66.62590489,sad
113.6351282,27.37660663,0.153251932,46.44307876,happy
106.5038149,26.1547032,0.058114612,44.48848452,happy
106.6416397,27.92470607,0.052542047,37.288138,plain
91.87184583,28.15595811,0.107386271,38.23283394,plain
77.66199985,32,0.731051053,61.72757399,sad
101.8232887,26.33145575,0.173023446,47.76144155,happy
91.33342268,28.44984624,0.052383859,39.95749906,plain
101.0217845,27.8413467,0.039511543,43.14202366,happy
97.26599046,27.97517308,0.064395425,45.90088781,plain
80.48719891,30.07180129,0.928346918,62.65775866,sad
99.88542905,27.77968421,0.052470959,34.86152653,plain
82.50173671,32,0.780886876,76.08967539,sad
119.447847,26.8016537,0.064580149,43.21781989,happy
76.57433974,32,0.656293671,66.3991671,sad
96.17458388,28.77409538,0.039241446,40.67225716,plain
94.62227401,27.94549179,0.074070937,39.0582766,plain
71.40890879,32,0.779937329,68.00780679,sad
86.12746702,28.54411064,0.034356429,38.15270257,plain
74.88624059,31.33600094,0.601462293,56.93772017,sad
79.06569868,31.1368515,0.473737616,67.63167538,sad
70.5495645,32,0.633538404,87.63862785,sad
86.23319187,28.41706528,0.046370225,38.35909005,plain
76.13007497,31.89511433,0.79493009,56.75282338,sad
110.8344061,26.94487928,0.162313721,46.73868477,happy
130,26.2989522,0.031078585,49.2820997,happy
117.5739038,26.83173383,0.055767548,44.92758714,happy
96.31836326,29.23820859,0.071409046,33.01555975,plain
96.33521822,26.85314849,0.146224882,52.24783269,happy
96.35060149,28.36878743,0.036984271,41.86328701,plain
92.77820513,28.39472656,0.060311769,37.62853669,plain
118.3918996,26.17158594,0.092610711,43.48361706,happy
77.613699,27.350597,0.017722477,33.5574446,plain
74.22231031,31.74020076,0.578579434,69.77943614,sad
110.8855181,26.19857245,0.109233166,51.68517214,happy
89.16081123,27.45047625,0.041235987,35.55639685,plain
70.13156293,32,0.857147299,67.99636291,sad
98.22059246,27.53297023,0.03429587,39.57068044,plain
115.715397,26,0.147671623,38.60970525,happy
70,30.58199436,0.665852225,78.67106007,sad
70.64666253,29.53343869,0.7043595,60.77953445,sad
77.37400223,27.80849722,0.044821062,35.28035671,plain
71.96931144,32,0.770991349,71.98177574,sad
101.1467334,26.55967807,0.055257795,48.32209027,happy
121.4950068,26.30946217,0.164270225,45.8349952,happy
97.50701817,28.35958436,0.043868542,33.2645777,plain
78.33532137,30.94885191,0.618567559,82.7146869,sad
78.65429733,32,0.589437443,82.87672922,sad
100.8417009,28.13192065,0.01997096,41.44769611,plain
70,31.03176106,0.78434383,74.84952931,sad
73.21674911,30.89704781,0.920827825,55.78145462,sad
79.83313312,27.47817443,0.035132012,35.46498074,plain
83.73005359,27.05656007,0.028615975,35.54041158,plain
98.23316485,27.83175984,0.049732582,42.55375394,plain
84.66415787,27.93520574,0.024714305,39.82728009,plain
108.1847389,26.6886467,0.046726839,53.33894312,happy
72.80149733,30.62044319,0.803089655,87.42166544,sad
70,30.88861401,0.532952798,66.8879326,sad
70,29.52440707,0.867902049,78.21358083,sad
74.4304408,32,0.571368832,55.9022764,sad
72.17260452,31.38153344,0.863024642,77.37927651,sad
101.6590463,27.8470211,0.053014998,37.43838704,plain
77.78010567,30.94422638,0.9870779,90,sad
103.2639576,26,0.160317441,50.04143072,happy
91.12783392,27.49756091,0.049893201,37.08946413,plain
94.14279077,27.965288,0.062457267,32.14911638,plain
96.92847571,28.06743355,0.014582603,40.79272448,plain
93.98750027,27.29072127,0.076957324,40.84605458,plain
83.8906397,31.64443699,0.248165161,60.74092703,sad
82.48102074,28.01312269,0.05262589,38.51438663,plain
112.7171906,26,0.146661395,41.21548946,happy
110.8027358,26.66539708,0.075058141,39.50535876,happy
116.7067967,26.07901686,0.043031366,49.58498387,happy
83.5518393,27.67712859,0,47.54378948,plain
86.87546977,27.11142633,0.053827003,40.85417033,plain
104.5930959,26.49648874,0.166973886,48.9110797,happy
111.5978604,26.91848255,0.142111079,42.95689178,happy
127.4556696,26.57488041,0.063372834,47.59909634,happy
78.55207879,31.52536536,0.432228608,70.05568715,sad
83.77215911,30.92688186,0.2440853,77.44010775,sad
91.11685962,26.15678108,0.152413526,39.63075246,happy
78.41842263,32,0.747139688,69.30476559,sad
122.5815279,26.22338116,0.097904115,43.16348973,happy
114.3807608,26.66557132,0.158625447,37.74284972,happy
98.14386442,28.4841474,0.023207107,33.90928019,plain
76.10269121,30.40816232,0.682404259,56.24433205,sad
78.81363535,30.17719194,0.621168945,72.86077694,sad
92.85823407,27.16050937,0.037167723,42.24944115,plain
72.40132866,31.98967475,0.494848698,83.01937452,sad
110.8086186,26,0.013907958,54.91404577,happy
80.9433986,30.0859714,0.679940524,60.46513151,sad
96.85534816,28.08351302,0.039757991,38.87835152,plain
80.46053923,31.56198725,0.64029312,83.70327701,sad
93.86684533,26.05575029,0.119572645,51.21297472,happy
108.7350974,26.44082282,0.213924577,37.83717918,happy
72.63377561,32,0.745948315,72.94939276,sad
80.47233375,27.30613395,0.057435878,38.21133858,plain
80.41324551,30.81176646,0.777956263,74.43923229,sad
71.73078422,30.43664776,0.736615513,83.2594785,sad
81.99108496,28.01349101,0.045676934,40.85104947,plain
70,31.48348808,1.089171369,64.48929188,sad
113.0863354,26.49185013,0.10296104,38.96984874,happy
95.30754726,27.22510024,0.049964294,37.73605831,plain
85.50306298,28.09635257,0.046431064,39.03738209,plain
110.9195556,26,0.117635873,46.71330144,happy
75.79057462,30.57560355,0.799477982,67.82329045,sad
114.7747892,26,0.053572917,38.70434953,happy
104.1372567,27.39941631,0.132380544,43.48496575,happy
88.77362111,28.20375125,0.075186054,36.13915939,plain
86.22583009,31.47893868,0.82728794,67.05273761,sad
75.9665825,29.45666122,0.845653364,81.40907493,sad
84.81804133,28.15812974,0.07973347,39.10107472,plain
74.40819414,31.57738837,0.358890076,66.89198193,sad
95.82408694,28.36552552,0.03552501,44.52336269,plain
103.842566,26,0.05843977,41.18984802,happy
102.9478394,26.16445441,0.143161831,39.83309035,happy
109.9500863,26.51979041,0.139026911,40.72392187,happy
84.50254582,31.13952667,0.680799782,73.63336877,sad
123.1718285,26.66216721,0.053675221,47.00906807,happy
77.97783424,28.51205135,0.562972696,60.73667854,sad
128.7480949,26.76060326,0.118147906,42.21511144,happy
86.01970215,27.8136358,0.049042094,34.09051416,plain
87.96798346,28.08028067,0.060322839,34.73729347,plain
93.26003293,28.94750739,0.032990188,37.13931756,plain
122.463272,26.85475757,0.046309396,47.07802208,happy
87.81469813,28.25391961,0.040779814,42.5342464,plain
72.58552022,31.59767147,1.082226556,75.54687982,sad
77.69748806,27.6867243,0.056704524,36.58238128,plain
121.827782,26.52127386,0.1491477,31.1660013,happy
96.63865705,28.03858005,0.027598839,39.60678895,plain
98.51406582,26.17032658,0.030302779,46.90724275,happy
97.77306322,28.37358219,0.060760081,38.08052566,plain
84.43240328,28.49733854,0.059147558,37.0804321,plain
103.6424003,26.80803073,0.125735463,46.8057305,happy
121.344319,26.06933221,0.086511372,47.60903292,happy
76.34405199,27.83804109,0.060596512,42.12113864,plain
73.51276256,32,0.961462839,70.56790757,sad
83.65081036,28.52543814,0.02915176,40.39670816,plain
74.83274946,31.11897829,0.798494747,71.59491563,sad
96.34822578,28.41231743,0.057940135,32.44189493,plain
91.54027544,27.97288122,0.072420946,36.61391765,plain
117.5629791,26.22242368,0.122696084,47.46349514,happy
70,30.8837671,0.519341328,71.92864318,sad
83.50705205,27.66641115,0.063575179,36.89434329,plain
86.6486318,28.30089285,0.062551928,39.25275317,plain
73.46407902,31.83726979,0.63129926,69.56370174,sad
97.35278491,28.53337309,0.050138443,34.391864,plain
79.67640163,27.79989724,0.039412663,42.84642667,plain
88.39869986,27.56156694,0.06918847,37.67639414,plain
121.8374549,26.55570395,0.061156944,47.42133132,happy
100.0318745,27.07622355,0.044340081,37.17764854,plain
80.55201817,28.08497933,0.035205694,40.26918978,plain
75.02174836,31.10568859,0.69613508,72.20262181,sad
95.81031657,26.4714212,0.118481649,45.52928958,happy
120.0999871,26,0.118822574,45.11168532,happy
71.45444087,31.20308168,0.584598826,67.82095658,sad
87.8963342,28.49287868,0.029293006,38.22684216,plain
70,32,0.970831889,72.37431724,sad
74.91595246,31.38531043,0.459115022,75.69719267,sad
71.22303953,31.58855297,0.876723897,60.54304225,sad
70,30.33800835,0.630949045,76.08636108,sad
80.71191027,27.62849009,0.022387385,40.42713939,plain
87.98347095,28.31893686,0.03451204,39.06345171,plain
73.90876636,31.22358713,0.791082184,76.27713944,sad
114.9337804,26.69195285,0.078122994,42.28152263,happy
73.58269174,32,0.729175219,63.41503962,sad
86.16970912,28.28596636,0.024785327,36.01299206,plain
93.30230049,28.79549736,0.072388067,41.02754363,plain
90.55120335,28.81586853,0.036353925,38.72215784,plain
120.1866055,26.27759507,0.082871299,41.60219092,happy
76.75981576,29.63752155,0.921636122,63.82863155,sad
111.2030178,26.6862137,0.12543761,45.32125919,happy
79.86750122,31.73780442,0.71703502,79.8409457,sad
76.94208377,29.86565727,0.801546924,87.63869064,sad
77.89778058,31.70135703,0.732424589,67.84904423,sad
95.57427562,27.95196735,0.07173006,41.85064697,plain
70,29.63003781,0.785119703,76.90449578,sad
79.75431709,27.23744895,0.063623017,38.54053712,plain
98.50121812,28.14353482,0.054518692,35.78076838,plain
125.8267721,26.13108387,0.036272505,43.56942904,happy
73.82061276,30.7761067,0.784202183,88.8574585,sad
70,28.84743432,0.698580855,56.12207358,sad
79.88309862,27.53095901,0.049495021,36.43824337,plain
76.88970512,27.72467556,0.06953166,34.86810363,plain
71.17774762,31.39537075,0.519885933,72.64819613,sad
84.73570504,27.9072851,0.028199885,35.95363724,plain
77.84945506,32,0.502063413,56.8116339,sad
70.37494758,30.4286886,0.942210713,75.11797585,sad
95.63662995,28.29187368,0.036104975,38.93863536,plain
123.1764902,27.33760341,0.110300623,45.09414042,happy
110.779364,26.83681538,0.09445824,49.51152624,happy
130,26,0.101743642,49.93535072,happy
70.27773322,29.84285686,1.028380897,68.5645004,sad
73.66545149,27.78001619,0.043664498,40.49966726,plain
79.13306491,32,0.664113794,50.22274892,sad
71.79672975,30.80350677,0.583665398,78.0861084,sad
75.99830757,30.95280411,0.888670235,60.04346881,sad
78.86896422,30.16721709,0.722669162,62.63895977,sad
112.1751911,27.27020861,0.124305412,45.29549504,happy
87.65230803,26.84216605,0.020314328,39.71563318,plain
112.8820242,27.28004576,0.09255332,51.3000577,happy
115.3871415,26.8092304,0.063006241,41.46010102,happy
80.27921239,31.25178421,0.940254442,70.3337013,sad
118.8050302,26.27615934,0.0758625,39.23335703,happy
79.95909169,27.39987989,0.03560231,37.08019894,plain
130,26.70649665,0.202117754,45.36230743,happy
73.27071073,31.36964476,0.686949589,65.9905105,sad
78.90356316,29.97462239,0.67776036,60.71824463,sad
105.2186179,26.44093878,0.162151508,40.41145546,happy
70,29.54284883,0.562427978,83.31700256,sad
96.59924413,27.81877469,0.043442882,38.37555956,plain
70,31.59479259,0.527452754,65.7637824,sad
114.4932889,26.57781703,0.008528137,51.64733301,happy
86.03793866,27.11060309,0.017399281,37.23634871,plain
85.72972208,27.92370471,0.057088639,35.12101885,plain
87.55222603,27.98110292,0.028343561,38.7795154,plain
97.20953634,26.48593304,0.170856966,43.53633749,happy
73.29385498,31.57468666,0.644703868,77.85485365,sad
110.4477427,26.53875051,0.092919323,47.14129129,happy
89.0509283,27.94183029,0.039284524,36.56401245,plain
70.18617605,30.31148486,0.432741685,62.98491455,sad
76.01030754,32,0.554700172,58.24909372,sad
70.10640367,31.41742478,1.066716332,74.06229762,sad
92.55409014,27.95271333,0.032421179,35.91581142,plain
119.8664277,27.23507601,0.113562168,45.76275354,happy
130,26.92789432,0.065456695,42.1787724,happy
70,30.33414636,0.567265926,66.06092417,sad
120.1582022,26.47886213,0.111191206,51.41559059,happy
70,30.75630761,0.579640387,73.09213729,sad
79.81494849,27.6343708,0.04186948,41.8298728,plain
87.36479357,27.29762995,0.059092697,35.75990647,plain
77.91310071,31.01466623,0.710307339,64.08954915,sad
79.76438944,31.59889004,0.407712638,69.89222892,sad
83.16220764,28.24403389,0.056021056,36.78944141,plain
118.4992311,27.0535325,0.053138982,36.72370446,happy
96.10024458,28.36996069,0.052498567,34.12735895,plain
72.80225179,31.76247393,0.902491575,76.33378758,sad
85.13267085,30.17363848,0.684302608,64.62051539,sad
75.12638875,29.85009065,0.892238549,61.09031731,sad
102.374614,27.78206979,0.072461192,37.16985356,plain
84.1809749,31.31418883,0.756872033,76.74646053,sad
91.10365601,28.33292968,0.053064394,42.86444715,plain
126.9143409,26.14501167,0.064544709,48.69974903,happy
81.81533382,32,0.977083414,77.58366146,sad
86.42322237,28.09744842,0.04630834,44.70697955,plain
100.9204587,26,0.120622663,48.84974949,happy
76.76653409,27.92869101,0.0514317,35.99644347,plain
87.38660648,27.46669185,0.056445708,36.76501174,plain
100.4250675,26.79805815,0.063701014,40.48892118,happy
77.95613724,27.3144838,0.025567433,38.50739911,plain
73.37635261,30.19185611,0.527525873,66.76142835,sad
74.97389652,30.43578334,0.913048862,68.8127594,sad
96.15016205,26.98211073,0.081436668,39.94330168,plain
111.6991667,26.55177725,0.195377051,45.99831045,happy
130,27.2076749,0.186755722,36.42071362,happy
72.64014339,31.43454533,0.728750757,69.06280846,sad
71.36589909,30.72101702,0.686595183,83.51557281,sad
74.8324813,32,0.679162772,75.51854954,sad
85.58164174,27.17333755,0.047961547,34.37651497,plain
70,31.36878644,0.486353462,82.98827512,sad
113.6727417,27.05835644,0.146266479,49.86915325,happy
103.1897073,27.1370915,0.082363267,38.05734703,plain
70,31.27571431,0.835374468,83.90583408,sad
110.8669025,26.87107488,0.078371185,53.23772645,happy
122.232519,26.12111062,0.106740123,56.70956716,happy
79.78977463,32,0.834159659,66.91240486,sad
72.29633554,28.9110243,0.458419345,71.52848827,sad
70,32,0.860788081,60.8155654,sad
128.1152016,26.28043686,0.120359629,45.36996616,happy
77.59715554,30.28398473,0.768255015,42.95961996,sad
97.77133705,26.55347533,0.062427606,43.05165835,happy
121.7117408,26,0.111405414,40.30045117,happy
77.23802713,27.41577026,0.049762448,39.14992186,plain
113.0962465,26.48466149,0.027590132,48.66201582,happy
111.4694708,26.49947234,0.054307932,38.58131138,happy
72.49734557,32,0.548553937,74.4051561,sad
71.58386899,31.24103996,0.198588246,63.74439632,sad
119.8344668,26.26222841,0.094418581,41.47582764,happy
71.56669591,29.82438589,0.515822926,71.97827554,sad
122.8795673,26.80177878,0.130074801,48.245567,happy
72.31803758,31.0378797,0.705980281,66.92650667,sad
77.71230726,30.31755171,0.565432837,72.2858565,sad
87.40676083,27.86900828,0.022055143,39.51478613,plain
93.98947527,27.54942604,0.012368333,38.2416101,plain
75.22268883,30.70444907,0.515866874,67.22640736,sad
76.75215476,28.97620247,0.876979624,78.95928128,sad
121.4224447,26.06289456,0.089508018,46.58610584,happy
85.25216179,28.21968788,0.032241753,37.45212847,plain
70.26111172,30.02372002,0.798180034,43.26549447,sad
123.4134133,27.1819238,0.130678236,38.48307987,happy
72.99711967,30.84060113,1.056960513,71.37247866,sad
116.2777804,26.78898465,0.137730291,42.11144171,happy
70,30.43165537,0.340358414,73.18934709,sad
72.68046421,27.05105682,0.018050608,40.78887124,plain
117.8328499,26.2564995,0.060407712,49.9590604,happy
74.092503,27.82636951,0.048324558,38.93614029,plain
107.8688677,27.03232556,0.117788352,42.61320536,happy
101.8449616,26.64113305,0.098126597,43.69963967,happy
119.5020464,26,0.141350904,39.35746829,happy
128.112608,26.56053628,0.176812704,30.63883047,happy
107.2750941,27.0500097,0.07140028,39.29967049,plain
90.8289827,26.72958712,0.068249311,41.51602986,plain
104.6916198,27.06481611,0.070171649,37.30616537,happy
82.45593996,28.78124213,0.061584388,35.31720686,plain
111.5836438,26.82439599,0.034516124,44.21638114,happy
79.91652688,30.26472449,0.457803873,76.71583518,sad
91.45407408,27.75226306,0.021963098,37.0878299,plain
114.5658977,26.56065941,0.088531314,42.43668754,happy
78.86653444,30.33993094,0.554017229,62.93466508,sad
123.3538922,26.21576107,0.033638829,42.74781212,happy
115.9740504,26,0.067413802,45.9349709,happy
115.3406477,26.03473431,0.117920171,47.34842836,happy
70,32,0.780448911,77.80499663,sad
70,31.3811862,1.166388423,73.0858445,sad
91.83245153,27.99660445,0.099820265,41.37096906,plain
74.44765534,29.71558315,0.706468743,61.47271907,sad
116.370204,26.44433064,0.155392532,46.99096157,happy
74.77237823,31.06421401,0.400952081,75.38205903,sad
91.67639031,28.73551837,0.053886978,42.29260974,plain
70,32,0.974079518,70.15089204,sad
78.15514108,29.34908366,0.25416652,69.92930264,sad
94.57376074,28.07710639,0.045285765,39.63296466,plain
112.593253,26.70590795,0.132870863,49.49307504,happy
95.12831761,27.89381488,0.048955442,37.90706005,plain
74.80039211,29.46959511,0.862751524,80.78122953,sad
85.81595747,28.08425645,0.056648507,38.42326606,plain
95.35666462,28.19131837,0.106114315,38.88025633,plain
75.46163563,30.96605809,0.27431554,69.69524974,sad
121.1986827,26.56092697,0.09945201,42.00535402,happy
105.6476035,26,0,45.53264918,happy
109.7360592,27.3415389,0.027901005,53.67076567,happy
81.38163401,30.01977475,0.624793933,78.44416275,sad
120.4267678,26.80766012,0.111703158,47.68135642,happy
77.61477769,27.73921262,0.023040132,38.7914011,plain
89.14436644,28.10257987,0.085085208,42.29943926,plain
86.34061295,28.60378777,0.043429635,35.72778708,plain
76.42475986,31.28638625,0.831646408,61.79036221,sad
70,32,0.56183543,63.15759201,sad
79.32139797,32,0.781801959,78.24983805,sad
72.66784381,30.99103688,0.569636674,63.57653296,sad
83.39621542,28.72882965,0,32.99359656,plain
70,31.00946003,0.857720624,80.78995644,sad
82.38097569,28.09470116,0.027807792,40.35760987,plain
70,30.85387283,0.481326888,67.68518346,sad
102.3293307,27.54582163,0.051497583,36.04732369,plain
116.356582,27.14792808,0.092019079,44.49396957,happy
70.34190613,31.09899801,0.447895693,68.47281387,sad
77.99313879,32,0.594130101,60.31900479,sad
123.7730211,26,0.157177338,52.26835159,happy
76.23512547,30.78478191,0.666532883,55.28142539,sad
93.27228548,28.61650851,0.111146663,39.12614657,plain
73.47032098,31.83272859,0.640602944,56.80281527,sad
120.269255,26.74806742,0.02073052,47.60367361,happy
114.0679093,26.78028582,0.137773279,43.65067464,happy
84.41328117,28.46428425,0.067753482,36.89450645,plain
89.41241042,27.86511646,0.067252089,36.99635535,plain
77.58899249,31.86933607,0.636039826,70.13927881,sad
122.6268904,26,0.075033114,49.15313857,happy
95.7580389,27.99890285,0.073295215,38.26893843,plain
119.2445084,26.08611009,0.091696513,44.03617566,happy
111.876736,26.75937148,0.051129209,45.23117501,happy
86.86442144,27.64592594,0.046828935,37.55611557,plain
127.489362,26.47560574,0.087299293,45.58881334,happy
79.49506088,27.81371549,0.071051652,36.64671749,plain
123.2723741,26.52194091,0.144069076,45.73689091,happy
98.64500406,28.0478691,0.03956923,39.16889121,plain
130,27.66294005,0.059254023,35.78059356,happy
80.0846002,28.41086313,0.020698617,38.13180009,plain
71.69723482,32,1.051017316,71.26977428,sad
78.8005791,32,1.019468703,66.54128419,sad
96.05612688,28.42137943,0.002450873,37.5882433,plain
128.9780066,26.54233205,0.050569757,37.37598148,happy
117.1725576,26,0.060716851,44.5082189,happy
80.8068639,29.77604393,0.288892013,63.70388936,sad
70,27.73231792,0.059706779,40.37975897,plain
70,31.29485955,1.015918775,71.35494565,sad
70.58613229,29.82864182,0.486205914,63.69104944,sad
81.56082878,27.49133865,0.074918834,37.69133644,plain
70,32,0.270997941,64.89997853,sad
118.0798175,26,0.06624527,42.45807759,happy
81.47557902,30.28352919,0.722827759,51.84609643,sad
90.19491617,27.64194913,0.068368517,35.3872749,plain
123.3103863,26,0.133476461,44.13072847,happy
70,30.80967407,0.662229121,51.33828793,sad
115.9867669,26.65471872,0.113045914,46.86644309,happy
94.00797084,28.30079189,0.061447434,40.35147746,plain
72.69210209,29.92031384,0.447866054,70.89960222,sad
83.7509637,28.45936991,0.093464539,41.84526277,plain
70.95015372,29.99403771,0.819300099,74.18368741,sad
75.43728758,30.41326162,0.487444827,73.49629807,sad
77.6558037,32,0.469970455,58.49149489,sad
96.78759478,28.17713591,0.024811326,38.52683882,plain
95.43485454,28.17666806,0.062441821,35.8642738,plain
72.43853581,32,0.630115974,71.00854633,sad
101.5884313,27.5840333,0.039274636,36.35565704,plain
114.6303758,26.34900213,0.034024988,48.79295347,happy
90.20261891,28.23812721,0.041714204,38.78926193,plain
77.41375374,29.65734738,0.803426224,65.87803871,sad
126.7110599,26.08092584,0.171556497,44.49565484,happy
113.1380317,26.07449632,0.176429218,42.85100618,happy
122.9638202,26,0.147270268,47.76124238,happy
89.18979674,27.90422484,0.048731296,41.99870777,plain
86.16881197,28.57347786,0.057667018,38.96827676,plain
126.5222002,27.12323978,0.081890046,54.19192237,happy
73.32010055,31.6453475,0.631462897,72.14266931,sad
75.1938209,32,0.68561077,75.63612264,sad
100.9671767,28.52915415,0.04400503,39.91242105,plain
76.97792879,30.75693878,0.686069717,60.86498701,sad
98.72243727,28.03620206,0.05728542,38.71381614,plain
70.51125748,30.27264671,0.239928231,76.51605181,sad
74.98309566,32,0.747219864,67.51603348,sad
70,32,0.599944737,72.59042212,sad
91.84192022,28.28544743,0.061229012,35.61570774,plain
74.22666328,31.0014457,0.633742545,73.04424109,sad
119.0273972,26.49127635,0.141563362,40.82517859,happy
96.05827525,27.63339795,0.023739914,34.4916509,plain
78.32696765,29.95866112,0.914443899,65.07783259,sad
89.34852234,27.58022349,0.043290623,39.99021261,plain
70,32,1.145488713,64.83290261,sad
70,32,0.331193831,56.55959416,sad
81.31999129,28.28943303,0.03706076,37.46945625,plain
70.42138339,29.40148667,0.869418869,72.6377654,sad
92.02600593,27.66849655,0.049804963,40.53322537,plain
79.66632801,32,0.751055647,70.35082083,sad
100.3711711,28.73426905,0.059577396,36.82820157,plain
81.85517053,27.77856039,0.045491973,33.79034389,plain
70.59157903,30.67324471,0.596302609,71.63208974,sad
80.5932951,32,0.47787922,85.47165258,sad
73.70504108,31.67550386,1.106587653,55.26536826,sad
87.95368087,27.90235623,0.084357391,33.66857807,plain
85.70242784,27.12171733,0.023791914,35.75273529,plain
122.408903,26,0.074126041,48.52244951,happy
115.4506695,26.61195735,0.082969979,35.13590657,happy
95.63961957,27.58339283,0.009914805,37.63809673,plain
98.23933921,28.02365271,0.040757591,34.13255517,plain
71.32575037,29.72155787,1.1310527,64.19657802,sad
70,31.28176454,0.879265541,56.98890545,sad
73.75241164,29.60593534,0.568112133,75.22164794,sad
130,26,0.193465436,44.74984795,happy
76.73451064,32,0.927002035,57.57607747,sad
83.26431188,31.39101159,0.538527686,72.97573921,sad
80.04057624,27.92651951,0.03859877,43.97182682,plain
103.5325084,27.68588422,0.056868158,38.82535506,plain
85.89574593,28.19680209,0.051328963,38.15478051,plain
84.63870027,27.74922271,0.058986717,39.08225537,plain
117.7007907,26,0.09830774,50.53008308,happy
117.1070187,27.23169182,0.044611328,45.79870721,happy
95.10852561,26.26505668,0.171224359,41.46166447,happy
110.7068722,27.09767592,0.097532967,42.33247617,happy
77.54320257,30.2433521,0.771360059,67.17016371,sad
106.651831,26.29400179,0.091659558,53.00413188,happy
87.68193775,28.40812123,0.069493615,34.66712894,plain
75.1448146,32,0.435996375,78.75296715,sad
114.5322641,26.58104707,0.106655749,36.21564002,happy
98.24006988,27.77446483,0.032012094,37.9448627,plain
111.4661972,26,0.045819354,44.2683387,happy
75.69357074,32,0.645479616,46.72046942,sad
96.98838048,26.80673889,0.044845781,36.19967822,plain
105.6900932,26.47472717,0.189171865,40.09638241,happy
120.2177504,27.38132899,0.151421223,45.67685356,happy
84.46997309,29.91930196,0.438694929,71.04126116,sad
74.87694329,27.23396622,0.047477584,37.62381833,plain
123.276409,26.48127492,0.145198122,41.11472028,happy
82.76101792,32,0.436482775,73.56252578,sad
101.6592569,28.15523147,0.042762938,39.87354642,plain
117.4158433,26.16773525,0.095087171,49.72681796,happy
93.38609955,27.53574387,0.114785339,40.05615619,plain
86.35238096,28.42991194,0.037292989,39.60672725,plain
130,26.05816904,0.151313834,47.53362582,happy
82.66617537,28.0301691,0.018371644,39.66753109,plain
86.70234795,28.29546134,0.012590373,35.65408303,plain
111.0277155,26.71137736,0.150422416,47.73909403,happy
80.6625669,26.745925,0.090725307,37.35139276,plain
130,26.94787568,0.169479163,45.68521607,happy
128.3522614,26.89487533,0.031743947,40.76491384,happy
92.89923544,26.65480593,0.165904148,42.08570908,happy
79.62067688,30.56097644,0.707247424,81.81587064,sad
78.06410754,29.04587595,0.056937227,35.7373411,plain
70.08690257,31.15255708,0.765206079,62.93869223,sad
102.2245314,27.11063745,0.090093087,45.02921035,happy
116.5709513,27.281601,0.036978982,44.27302272,happy
97.28648311,27.88841294,0.064236184,40.37237064,plain
74.12224172,31.25146771,0.866135477,61.60776648,sad
126.2804989,26.30721214,0.128008868,39.37148433,happy
110.5057719,27.29388652,0.00337885,42.46082246,happy
72.86847794,30.50547441,0.729107843,73.84652525,sad
71.92304625,31.26571475,0.713906117,71.07653833,sad
89.0074033,28.1849549,0.072568306,36.01864073,plain
86.33647469,27.93163731,0.0608773,43.31391537,plain
73.79421895,32,0.484246945,59.45491566,sad
74.06640003,30.18890907,0.932278204,66.56248338,sad
119.1635192,26.19216528,0.024886782,45.34433174,happy
96.96599072,28.52205702,0.045496694,35.22393424,plain
91.68796344,27.47459065,0.068366763,32.20332961,plain
82.83820431,29.29024261,0.530514162,62.21641356,sad
118.7759784,26.29695574,0.095088476,46.21390947,happy
77.07713104,30.77632629,0.696681568,70.193185,sad
124.0049025,26.09729025,0.139553155,39.76926884,happy
92.53731335,28.24426861,0.021503838,38.80955993,plain
101.8251809,27.13180293,0.081980517,35.12119507,plain
76.4209478,29.41605396,0.791619248,56.2163165,sad
72.67194655,28.39751531,0.471626498,72.48731628,sad
93.70183974,27.79278162,0.036750345,32.132432,plain
127.0753422,26.89753011,0.20345833,46.45998634,happy
83.96258562,27.18414468,0.029911409,38.13505763,plain
91.63134355,28.09165523,0.082191448,40.96756254,plain
70,31.66663707,0.428929895,72.14631898,sad
106.6069177,27.6387128,0.076186896,44.16296616,plain
79.64408193,31.86937365,0.551951796,66.74406347,sad
71.19637979,31.54416537,0.866086888,68.79337052,sad
84.4999344,32,0.67960391,65.32601168,sad
79.68723652,32,0.682695062,69.79166047,sad
77.4111022,28.03196061,0.092114035,33.82048386,plain
113.4950582,26.3459346,0.064048336,45.1399982,happy
70,31.4613605,1.261402946,88.00826948,sad
117.9933887,27.06390831,0.101575241,33.77235901,happy
76.81427535,26.52948981,0.043589679,31.9795512,plain
127.5874238,26.24358835,0.057369701,37.69543227,happy
118.8818449,26.01688198,0.085311538,43.07538624,happy
70,31.20331228,0.556716202,74.5677617,sad
70,31.7946064,0.837555235,74.29025492,sad
78.71063745,30.28019537,0.724714875,67.09254398,sad
82.40395803,27.36236824,0.041716572,37.28023656,plain
75.35410294,31.08760631,0.65611206,68.16707157,sad
89.55341021,26.28760627,0.050110068,53.59700885,happy
70.85175777,31.34783384,0.54369552,76.07465954,sad
83.22967133,29.8429667,0.510041385,79.26172282,sad
106.6906381,27.18879503,0.03211392,42.00300754,plain
80.7150828,31.70152362,0.947908089,73.28206892,sad
121.5067694,26.36508526,0.099584047,46.24362402,happy
76.52903158,29.49689615,0.255601255,61.55293106,sad
112.6892665,26.66649766,0.09239052,36.20853631,happy
76.77893251,32,0.893471286,76.35590806,sad
98.93828206,27.39988051,0.003218131,37.16350711,plain
87.29005824,28.1331595,0.025887041,32.20267532,plain
122.8142973,26,0.100187905,42.60100438,happy
130,26.96552821,0.112989014,46.5767214,happy
82.75157639,28.05663268,0.004215484,44.27398021,plain
130,26,0.118446715,48.04031943,happy
94.83427171,27.67586443,0.021467896,36.05739552,plain
123.4634931,26.7378506,0.123329798,47.3623896,happy
70,30.53526049,0.683706669,52.68122069,sad
84.07286894,27.24054667,0.055655536,35.01212349,plain
79.2764843,30.38140523,0.81265729,69.14015948,sad
92.4066766,28.55085532,0.031472304,37.80984285,plain
115.8267442,26.01982079,0.143599409,49.05255477,happy
89.5973338,28.52278007,0.055838472,35.0401817,plain
119.6741557,26.41653319,0.156941678,48.5822793,happy
97.37171416,28.01217499,0.080039701,41.44792505,plain
118.6783033,27.3917356,0.066184347,50.03754396,happy
81.75307342,28.33547622,0.036852091,34.95185184,plain
104.6062672,26.23743711,0.064465795,45.76625805,happy
80.96537539,27.50643934,0.077429458,37.96381088,plain
123.1302671,26.70539965,0.164575862,42.08904709,happy
73.95608814,32,0.663971468,68.21358238,sad
71.78166806,30.95166008,0.489751771,83.76443736,sad
91.4924365,26.27157598,0.046356148,45.02527518,happy
99.6154095,27.61585305,0.032399237,41.70256173,plain
113.22385,26.29652504,0.029263423,48.46671069,happy
101.2180615,27.21668238,0.120400926,47.46813778,happy
93.5014566,27.6857258,0.033818942,38.66584896,plain
96.77431416,28.20367687,0.065715011,42.9551171,plain
73.09997196,31.85428395,0.979479126,87.87610671,sad
93.17919939,26.68628687,0.070829356,44.98693269,happy
119.579401,26.24864445,0.039674408,33.6495155,happy
72.18293938,29.78757309,1.031080857,74.11686939,sad
70,31.61774645,0.628552575,76.4421108,sad
70,32,0.565860835,64.40550344,sad
116.328227,27.5583403,0.053783272,41.15485767,happy
80.18167693,30.27519665,0.989454306,57.7446925,sad
79.27366557,28.38913154,0.001821154,36.48527824,plain
70,31.47214367,0.613462737,68.3799783,sad
98.57748881,27.59553456,0.02588852,37.72614053,plain
70,30.57492036,0.57351686,61.68357242,sad
116.8521631,26,0.101226453,52.7743405,happy
70,31.21324845,0.618198032,61.61020833,sad
107.8445344,27.11508691,0.115322143,45.80268656,happy
94.91311112,28.72727651,0.075164016,40.16206255,plain
74.91951813,27.54637239,0.058145609,41.08076208,plain
91.44567708,27.90517676,0.066859313,35.20033468,plain
78.25714629,31.35274475,0.369817216,79.14340019,sad
81.73588045,28.18550681,0.027676887,35.22655541,plain
87.65161818,30.64868179,1.021674454,58.37647048,sad
84.79844955,30.93603112,0.298916302,77.41194832,sad
99.31270908,26.03683767,0.100523333,49.58447801,happy
70.91204406,30.5308796,0.605638826,70.9157569,sad
79.17250075,30.42055488,0.301407595,72.94226629,sad
86.90701374,32,0.651625227,72.21408386,sad
118.4592031,26,0.12002784,52.0981525,happy
71.85280354,30.33721773,0.630621641,64.22577795,sad
78.61203857,31.18564563,0.349777486,72.96442344,sad
130,26.64189889,0.1379583,41.28019324,happy
110.4741291,27.51845053,0.053251554,45.74107761,plain
73.16437969,30.00439426,0.993472729,72.76075965,sad
130,26.69535249,0.046522611,49.49300249,happy
72.33976205,30.1727195,0.791527173,66.42580434,sad
111.6289144,26,0.070031392,37.7797291,happy
130,26.15345929,0.025538386,42.19698368,happy
124.2202199,26,0.01281846,39.22374919,happy
77.85361869,30.56207601,0.833874735,83.84375155,sad
79.68966395,32,0.729923495,76.9903307,sad
78.27663711,30.27735167,0.519085187,62.24364113,sad
94.83405846,26.98571038,0.084911252,41.34466264,plain
70,31.28481963,0.39510843,67.97178768,sad
113.8295729,26.25723288,0.026076657,51.23256415,happy
98.64316591,27.54519204,0.013944202,45.95357145,happy
73.61002608,32,0.571529286,73.35908542,sad
78.67964038,29.73681067,0.999482303,81.63013832,sad
70,31.51540858,0.787030722,76.32032443,sad
70,31.48208694,0.577611426,69.6793476,sad
117.1592954,26.23986381,0.01974798,40.92337942,happy
115.3835001,26,0.134145991,40.86251066,happy
104.1179431,26.02884923,0.108973019,44.44490984,happy
121.8919167,26.67965583,0.06102025,43.39352584,happy
95.49024892,27.43357842,0.049590179,42.68952998,plain
126.0730307,26.24298478,0.055714709,53.41971324,happy
75.54394598,31.07024312,0.460835948,66.63117827,sad
98.54302245,27.77113592,0.040925901,36.39539934,plain
124.1521172,26,0.123604541,40.90264314,happy
92.13099215,27.58755628,0.063499826,44.30282822,plain
109.7266559,26.38271952,0,59.23538939,happy
92.33694727,27.64261241,0.063951807,38.05784447,plain
79.09696568,31.23994873,0.930902897,68.98701348,sad
92.00581764,27.81627081,0.014326317,39.41990308,plain
105.3402281,26.12251259,0.1160556,53.24120753,happy
80.60973623,32,0.863927237,69.39269549,sad
76.81872768,28.15830567,0.05520256,38.21437522,plain
124.0590277,26.87664635,0.191341491,46.1245744,happy
90.9384333,27.82201361,0.076545396,35.43040838,plain
77.74105416,31.74202602,0.580069853,73.08058469,sad
108.8767062,26.41936714,0.160186386,36.17008132,happy
103.7435654,28.06116061,0.031697715,41.43884118,plain
104.7596731,26.58832174,0.164388174,48.77744673,happy
95.46487266,28.46430573,0.058964382,42.09451864,plain
80.22330478,32,0.943380046,73.22397719,sad
72.30295196,30.87240853,0.756979869,69.50000607,sad
77.30137098,27.43282153,0.07669924,41.42639697,plain
78.60941143,31.15089774,0.823817516,64.47028427,sad
108.5920989,26.7252779,0.109402979,46.33685995,happy
127.1614715,26.37136719,0.180840419,53.91221836,happy
108.954483,26.00597605,0.129958624,43.52350246,happy
108.4012816,26.72408548,0.180231965,45.47878237,happy
79.7976306,30.75756529,0.814971068,79.5791094,sad
73.93609815,27.45349882,0.054064568,36.64201607,plain
73.32591091,30.64607599,0.807186364,66.87536649,sad
99.77119259,27.91930682,0.084566485,36.90168311,plain
113.6601488,26.89136518,0.05702119,46.02382195,happy
78.33722722,29.80423898,0.58143634,74.96073621,sad
70.19241417,28.46440704,0.027591638,37.33714219,plain
79.59528449,32,0.191595754,72.82991829,sad
73.43491315,30.53412858,0.724137143,70.88474506,sad
87.91593122,28.63689941,0.025865243,36.06059998,plain
72.80334918,29.76961382,0.815502638,67.64938506,sad
103.5658134,28.47694247,0.017550505,36.34505191,plain
83.17475893,28.53739439,0.074826028,35.38407561,plain
70,32,0.914546876,68.38770407,sad
89.58713954,28.19633793,0.061960193,35.74546662,plain
109.5239918,26.41709519,0.121046716,46.03240849,happy
97.08501647,27.85480909,0.058974265,39.36918025,plain
125.2395733,26.03890759,0.065415896,44.35577758,happy
70.53134523,27.87448359,0.015159191,32.25001687,plain
70,30.87085297,0.880594738,63.35034392,sad
92.36219056,28.89873041,0.057455344,38.40943653,plain
70,30.43003036,0.783712249,76.21619353,sad
72.23463008,31.40387695,0.809332799,79.09046184,sad
93.95661807,27.86995446,0.074691452,37.88303509,plain
82.89386087,28.27845535,0.033541625,37.45455673,plain
70,31.35627318,0.462082286,86.42146085,sad
92.03368953,27.33160893,0.035903186,36.64203541,plain
75.4836172,28.76900747,0.060766437,40.43024722,plain
128.3846503,26.08321637,0.106640608,47.64778079,happy
111.0980651,26,0.033655241,40.07907513,happy
91.56548978,27.49711406,0.042650086,34.6503057,plain
89.10508991,28.14744241,0.043113847,39.80679058,plain
104.6898215,26,0.135431774,45.75536357,happy
122.4976971,27.35058843,0.088944598,49.0783044,happy
107.9375819,26.6072179,0.15101941,40.46408774,happy
94.52376881,27.91272678,0.045072052,40.96887774,plain
78.77828501,30.06608782,0.718987181,74.1783991,sad
115.361102,26.64326,0.057848619,46.47860443,happy
112.9249198,26.29908812,0.074632325,49.95545004,happy
71.65238896,29.40818971,0.76442849,84.11923708,sad
117.7154257,26.02474186,0.118803452,38.17867893,happy
105.1135858,26.50613935,0.092965426,43.95760395,happy
70,30.1803595,0.624594387,89.91165682,sad
94.27326607,26.77858476,0.0689066,40.85052573,plain
72.25654051,30.53201649,0.605881025,78.6330072,sad
93.8062305,27.44234749,0.049646965,37.77859893,plain
75.23047012,31.95764525,0.78605493,58.30058392,sad
84.90995926,28.52583389,0.063897124,41.55449805,plain
76.35406248,32,0.767527206,78.07729433,sad
80.30814198,32,0.789640482,65.47968956,sad
88.31962133,26.96438199,0.041310101,40.70333928,plain
109.868796,27.18045521,0.117590409,42.82468423,happy
70.59082505,28.60252074,0.071195136,40.19827744,plain
94.47664039,28.66792832,0.023086884,43.13714792,plain
96.1378002,28.72358644,0.052728545,38.6195275,plain
79.40280326,29.96883143,0.838243272,72.90454515,sad
83.14488715,26.39700566,0.072006716,36.38656181,happy
70,30.34477006,0.584753002,70.46537554,sad
109.8984396,27.12438001,0.155967898,46.00395823,happy
77.01628261,27.69229234,0.031238926,41.52484766,plain
75.28199659,31.22100957,0.853508972,66.65130843,sad
95.7490262,28.35944134,0.048330148,38.94567783,plain
77.46450637,29.92195771,0.811873246,62.86450352,sad
74.59430688,30.55276486,0.654004046,63.18908226,sad
71.20811079,32,0.610753153,53.17918567,sad
119.9591045,26.41610893,0.137025104,51.28891518,happy
124.5244445,27.31877812,0.019490897,41.01351101,happy
110.5167985,26,0.144143486,48.36939867,happy
130,26,0.14043973,45.99444606,happy
115.7603894,26.40143556,0.16438539,49.31018783,happy
78.75366842,29.76340551,0.582005434,54.37948331,sad
81.11074274,30.69560244,0.704241942,78.80295583,sad
121.8018017,27.20863353,0.006617265,50.61216316,happy
119.5983436,26,0.108788905,37.95995797,happy
108.3771954,27.08698009,0.073083353,43.15537513,happy
106.3770747,26.15170094,0.146267978,51.45727376,happy
93.06098837,27.89976835,0.058098502,40.73506633,plain
95.12701514,27.19833703,0.054747988,39.06314267,plain
122.628921,26.79864943,0.07114771,44.45137591,happy
102.5312641,26,0.101731773,48.35889679,happy
70,30.93372848,0.923808843,75.31730722,sad
92.8720486,27.77221477,0.082542639,36.16684281,plain
72.59082051,27.64337692,0.043970948,37.0273796,plain
110.8529784,26.00533188,0.109758914,34.29631791,happy
115.4411691,26.46042629,0.166870481,46.93256299,happy
90.58193658,27.41282298,0.055075723,33.40216956,plain
93.50121908,28.23382833,0.051771693,38.061458,plain
117.9191808,26.29850196,0.074205805,43.16874915,happy
77.6764099,31.9161215,0.852589144,63.02967283,sad
91.01496595,27.51171234,0.044112495,38.25037977,plain
97.2255046,27.89945645,0.05888619,35.40748578,happy
122.612271,26.91633489,0.051033235,40.83219605,happy
82.11305547,27.74092613,0.069542666,39.35738672,plain
120.0475804,26.82444068,0.063407199,54.63615758,happy
70,28.09843733,0.688971865,76.8388727,sad
75.21669951,29.65156844,0.613543141,71.65861196,sad
77.94383201,27.83009138,0.094559967,38.99536797,plain
108.2292392,26.97941443,0.045650637,39.59297462,plain
83.49320513,28.36061104,0.051396964,39.94137655,plain
103.434419,27.81070563,0.01362402,33.98685987,plain
78.84977581,27.85669957,0.077351379,43.82071222,plain
108.7226307,26.15284485,0.093671649,40.07080303,happy
104.6164399,26.94231049,0.119171356,36.15715778,happy
102.5421335,28.31983528,0.003810559,35.08758545,plain
86.60886905,27.4511072,0.023139695,41.44958968,plain
72.78826483,31.17056886,0.799287995,69.38813549,sad
73.47710557,32,1.340850401,78.65735572,sad
114.0839394,27.32897629,0.008670383,51.1596225,happy
112.9276991,26.34957286,0.053231928,53.55748233,happy
77.5957583,29.80703184,0.988319814,73.83976428,sad
97.06766954,27.37870354,0.04207961,37.35413818,plain
76.64606094,30.79769224,1.007363469,78.70060725,sad
71.82978721,31.05693469,0.921420766,81.03361921,sad
106.2733268,26,0.084132725,43.42188744,happy
81.63520648,28.75030197,0.063102285,38.71927854,plain
79.11163666,30.8965978,0.681583552,69.90964871,sad
75.19321097,30.93041547,0.661318182,74.69905018,sad
77.03816356,30.71962566,0.542586241,68.41939837,sad
70,32,0.959753619,78.46112318,sad
78.5591244,31.75660068,0.586770885,71.03233006,sad
72.69442799,31.2613753,0.485542678,83.50943965,sad
89.16155835,27.89738818,0.069305621,37.97468245,plain
100.2182696,28.8484028,0.04515792,39.53588791,plain
85.85228056,28.39026756,0.046220828,40.70149767,plain
82.61393466,30.63984631,0.078780186,61.06501396,sad
120.5474401,27.27029785,0.150529265,49.60138205,happy
119.219529,27.25793659,0.043555383,39.64984407,happy
79.15518567,31.18875974,0.541077901,70.15114936,sad
74.97606312,32,0.735741135,77.04269326,sad
121.7244085,26.49284737,0.136962087,45.12227074,happy
83.28251561,27.65062631,0.021998789,36.25674713,plain
126.6734655,26.91385894,0.070883608,47.1281784,happy
125.6060366,26,0.125131965,38.16197303,happy
108.4313376,26.04913514,0.073184259,43.97377411,happy
115.0300954,26,0.150589007,55.90606216,happy
73.95835904,32,0.593896007,75.35135571,sad
73.8672061,30.74471297,0.623625176,60.61115924,sad
75.12049543,30.18202241,0.912863228,73.17047835,sad
82.70238381,29.06177228,0.047011665,39.99590068,plain
74.69811639,31.51041868,0.587393531,69.88069177,sad
103.3499348,26.34588405,0.050948423,52.42049231,happy
88.76128104,28.16554431,0.039658294,44.11557669,plain
85.23933145,28.32787773,0.047399277,34.97282865,plain
129.6664675,26.20661722,0.024934325,47.15182531,happy
109.6330475,26.25906444,0.071966886,52.11090357,happy
72.54634168,30.50044652,0.580542619,55.44747505,sad
106.7982614,26.1386004,0.041792792,42.31925862,happy
87.05573935,27.7420312,0.071882395,38.12461997,plain
126.9402867,26,0.067401025,41.60937144,happy
80.72112374,28.00635627,0.074508606,40.55736712,plain
118.9399768,26.13224881,0.063428522,47.57899013,happy
86.551519,27.63966915,0.044478988,41.06020765,plain
101.5842157,27.39636041,0.077502765,45.6898859,happy
70,28.88768003,0.772813237,74.05415781,sad
119.7716514,26.93633081,0.178539668,44.14924772,happy
91.48036745,30.40425627,1.082544055,75.54680167,sad
78.90352969,30.99623233,0.869450512,77.36668868,sad
77.65085848,30.11151682,0.559445464,70.48748365,sad
96.11837476,28.34809749,0.0349937,43.41935347,plain
93.09958879,27.41216756,0.063156198,33.77630241,plain
74.63789011,31.18691329,0.631509059,74.84013104,sad
95.56540579,27.55413986,0.052477413,36.32216587,plain
70,30.98056205,1.10079815,70.59888707,sad
115.7480325,26.11387908,0.113879578,48.79275559,happy
73.30207612,31.9121558,0.574930886,69.21113536,sad
96.62446051,27.53430957,0.04296084,41.86209795,plain
78.26763894,28.43447179,0.051613653,39.71503776,plain
85.52720089,32,0.862247076,54.42612641,sad
103.6538007,26.31185527,0.260329807,45.75632199,happy
84.69177461,28.46063933,0.057639879,37.13316398,plain
74.31065141,29.37914691,0.743357266,76.03113898,sad
129.4288475,26.72889869,0.172513703,54.40418279,happy
70,30.97787576,0.812392699,74.88190049,sad
108.299304,26,0.172576161,49.60905154,happy
79.04241055,28.81700796,0.027349242,34.77277332,plain
92.71126017,27.65500826,0.054360205,38.30784875,plain
118.2890069,26.57793273,0.140032836,43.88663942,happy
75.72950362,30.45824429,0.586801368,70.12426104,sad
76.94456108,30.37375831,0.925262876,67.53236772,sad
74.59926703,32,0.653830141,80.69800487,sad
108.2910772,28.77096245,0.075205417,35.77747998,plain
97.138608,28.22977387,0.065146313,39.04099977,plain
121.6456191,26.82313007,0.195950065,39.86926797,happy
124.4200483,26.02051568,0.08612907,41.74610843,happy
78.10750972,27.66400647,0.054879994,38.71036064,plain
81.35657206,28.28340321,0.003509304,34.91852837,plain
84.4951554,29.01355052,0.083588808,38.85795446,plain
80.37845725,30.41854112,0.812331857,73.17219438,sad
118.5540676,26.69984348,0.103359183,48.72361946,happy
100.0972515,28.50717651,0.032063515,35.96856251,plain
92.16841647,27.83508847,0.024057823,39.9214538,plain
78.12092492,30.78546666,0.858756217,72.76339057,sad
102.3173343,26,0.035567903,46.19126178,happy
126.6442643,26.67327409,0.151939541,45.8686398,happy
74.24642429,32,0.594428461,69.50516205,sad
108.8343176,26.78530409,0.13616618,38.91726599,happy
87.15397108,27.86155016,0.058688894,36.04298416,plain
71.3266104,31.42147627,1.063754936,79.19880341,sad
103.53287,27.11590468,0.017575369,39.20049571,happy
93.64779093,28.41098979,0.028435417,34.1067252,plain
